director_name,director_movie_count,director_avg_imdb_score,director_avg_gross
A. Raven Cruz,1,1.9,47726636.51668302
Aaron Hann,1,6.0,47726636.51668302
Aaron Schneider,1,7.1,9176553.0
Aaron Seltzer,1,2.7,48546578.0
Abel Ferrara,1,6.6,1227324.0
Adam Brooks,1,7.2,31973840.0
Adam Carolla,1,6.1,105943.0
Adam Goldberg,1,5.4,2580.0
Adam Green,1,5.7,47726636.51668302
Adam Jay Epstein,1,3.8,47726636.51668302
Adam Marcus,1,4.3,15935068.0
Adam McKay,6,6.916666666666667,87408281.83333333
Adam Rapp,1,6.4,101228.0
Adam Rifkin,2,6.5,25959830.75834151
Adam Shankman,8,5.9625,87133981.875
Adrian Lyne,4,6.4,77758253.0
Adrienne Shelly,1,7.1,19067631.0
Agnieszka Holland,1,6.8,352786.0
Agnieszka Wojtowicz-Vosloo,1,5.9,108229.0
Agustín Díaz Yanes,1,6.1,47726636.51668302
Aki Kaurismäki,1,7.2,611709.0
Akira Kurosawa,2,8.1,158958.5
Akiva Goldsman,1,6.2,22451.0
Akiva Schaffer,3,6.033333333333334,27540615.666666668
Al Franklin,1,4.3,47726636.51668302
Al Silliman Jr.,1,4.0,47726636.51668302
Alain Resnais,1,6.3,403649.0
Alan Alda,1,7.2,47726636.51668302
Alan Cohn,1,6.0,15062898.0
Alan J. Pakula,2,6.3,71822610.5
Alan Jacobs,1,7.3,47726636.51668302
Alan Metter,1,3.3,126247.0
Alan Parker,3,7.033333333333334,27542401.333333332
Alan Poul,1,5.3,37481242.0
Alan Rudolph,1,4.6,175370.0
Alan Shapiro,1,5.2,20047715.0
Alan Taylor,2,6.85,148046026.5
Alan Yuen,1,6.2,47726636.51668302
Albert Brooks,1,5.6,11614236.0
Albert Hughes,3,7.066666666666666,51440338.333333336
Alec Asten,1,4.3,47726636.51668302
Alejandro Agresti,1,6.8,52320979.0
Alejandro Amenábar,4,7.15,24807691.0
Alejandro G. Iñárritu,6,7.783333333333334,47834310.5
Alejandro Monteverde,2,7.4,7264283.0
Aleksandr Veledinskiy,1,7.5,47726636.51668302
Aleksey German,1,6.7,47726636.51668302
Alessandro Carloni,1,7.2,143523463.0
Alex Cox,1,6.9,47726636.51668302
Alex Craig Mann,1,4.6,1332.0
Alex Garland,1,7.7,25440971.0
Alex Gibney,1,7.7,274661.0
Alex Kendrick,4,6.775,31468749.879170753
Alex Proyas,5,6.82,64183055.6
Alex Ranarivelo,1,4.8,47726636.51668302
Alex Rivera,1,5.9,75727.0
Alex Smith,1,6.1,13134.0
Alex Zamm,1,2.3,306715.0
Alex van Warmerdam,1,7.0,47726636.51668302
Alexander Payne,5,7.42,50326077.2
Alexander Witt,1,6.2,50740078.0
Alexandre Aja,4,6.225,25279378.25
Alfonso Cuarón,4,7.8,143088109.75
Alfred Hitchcock,8,7.35,45760806.95209764
Alice Wu,1,7.6,1186323.0
Alison Maclean,1,7.0,1282084.0
Alister Grierson,1,5.9,23070045.0
Allan Arkush,1,4.2,47726636.51668302
Allan Dwan,1,7.2,47726636.51668302
Allen Coulter,1,7.2,19057024.0
Allen Hughes,1,6.2,19692608.0
Allison Anders,2,6.4,2239585.5
Allison Burnett,1,6.0,47726636.51668302
Amal Al-Agroobi,1,8.2,47726636.51668302
Amanda Gusack,1,6.1,47726636.51668302
Amat Escalante,1,6.8,47726636.51668302
Amy Heckerling,4,6.1,29956299.629170753
Amy Holden Jones,1,6.1,47726636.51668302
Analeine Cal y Mayor,1,6.2,47726636.51668302
Anand Tucker,3,6.566666666666667,3788462.0
Andrea Arnold,1,7.3,373060.0
Andrea Di Stefano,1,6.6,106869.0
Andrei Tarkovsky,1,8.1,47726636.51668302
Andrew Adamson,5,7.08,229988557.0
Andrew Berends,1,6.6,47726636.51668302
Andrew Bergman,2,4.8,17877202.5
Andrew Bujalski,2,6.65,47726636.51668302
Andrew Currie,1,6.8,298110.0
Andrew Davis,4,6.5,77950090.75
Andrew Dominik,2,6.85,9421776.0
Andrew Douglas,1,6.0,64255243.0
Andrew Erwin,2,6.1,7892777.0
Andrew Fleming,4,6.15,15397312.25
Andrew Haigh,1,7.7,469947.0
Andrew Hyatt,1,4.4,47726636.51668302
Andrew Jarecki,1,6.3,578382.0
Andrew Leman,1,7.3,47726636.51668302
Andrew Morahan,1,4.3,13829734.0
Andrew Niccol,5,6.88,20191060.2
Andrew Stanton,3,7.733333333333333,225901479.33333334
Andrew Steggall,1,7.0,47726636.51668302
Andrew Traucki,1,5.8,47726636.51668302
Andrew Wilson,1,5.5,127144.0
Andrey Konchalovskiy,2,5.35,31799588.0
Andrey Zvyagintsev,1,8.0,502028.0
Andrucha Waddington,1,7.5,47726636.51668302
Andrzej Bartkowiak,5,5.26,35821900.0
André Téchiné,1,6.0,2874.0
André Øvredal,1,7.0,252652.0
Andrés Couturier,1,4.4,47726636.51668302
Andrés Muschietti,1,6.2,71588220.0
Andy Cadiff,2,6.1,12189514.0
Andy Fickman,6,5.766666666666667,60905622.0
Andy Garcia,1,6.7,2483955.0
Andy Tennant,6,6.25,91171529.66666667
Ang Lee,8,7.25,65850588.5
Angela Robinson,2,5.0,33049398.5
Angelina Jolie Pitt,3,5.6000000000000005,38812098.0
Angelo Pizzo,1,7.0,2246000.0
Anna Boden,1,7.2,6350058.0
Anna Mastro,1,5.3,47726636.51668302
Anna Muylaert,1,7.9,375723.0
Annabel Jankel,1,4.0,20915465.0
Anne Fletcher,5,6.04,75526093.0
Anne Fontaine,2,6.45,3213100.0
Anthony Bell,1,5.3,25077977.0
Anthony C. Ferrante,1,3.3,47726636.51668302
Anthony Hemingway,1,5.9,49875589.0
Anthony Hickox,1,5.3,3902679.0
Anthony Mann,1,6.7,47726636.51668302
Anthony Minghella,3,7.3,85192059.66666667
Anthony O'Brien,1,5.5,47726636.51668302
Anthony Powell,1,7.6,287761.0
Anthony Russo,4,7.0,185720634.0
Anthony Silverston,1,5.8,47726636.51668302
Anthony Vallone,1,7.8,47726636.51668302
Antoine Fuqua,8,6.9375,58203779.25
Anton Corbijn,3,6.933333333333334,17901682.666666668
Antonia Bird,1,7.1,2060953.0
Antonio Banderas,1,6.3,1954202.0
Antonio Simoncini,1,3.1,47726636.51668302
Antony Hoffman,1,5.7,17473245.0
Anurag Basu,1,6.0,1602466.0
Ari Folman,1,8.0,2283276.0
Ari Kirschenbaum,1,5.8,25918.0
Ari Sandel,1,6.5,34017854.0
Arie Posin,1,7.0,49526.0
Ariel Vromen,2,6.6,8103987.0
Arjun Sablok,1,3.3,100358.0
Arthur Hiller,1,3.5,15447.0
Asger Leth,1,6.6,18600911.0
Asghar Farhadi,1,8.4,7098492.0
Ash Baron-Cohen,1,6.4,47726636.51668302
Ash Brannon,1,6.8,58867694.0
Ashish R. Mohan,1,4.3,352684.0
Atom Egoyan,6,6.883333333333333,2626617.0
Audrey Wells,1,6.7,43601508.0
Ava DuVernay,2,7.0,26072015.0
Avi Nesher,1,5.5,47726636.51668302
Ayan Mukerji,1,6.9,3827466.0
Babak Najafi,1,5.9,62401264.0
Babar Ahmed,1,3.2,47726636.51668302
Baltasar Kormákur,3,6.766666666666667,61769955.0
Barbet Schroeder,3,6.033333333333334,26230720.0
Barbra Streisand,3,6.566666666666666,48813342.333333336
Barrett Esposito,1,6.7,47726636.51668302
Barry Cook,1,5.2,36073232.0
Barry Levinson,13,6.576923076923077,47977634.307692304
Barry Skolnick,1,6.5,92191.0
Barry Sonnenfeld,7,6.457142857142857,132310602.0
Barry W. Blaustein,1,7.6,2047570.0
Bart Freundlich,2,5.45,9116699.5
Baz Luhrmann,5,7.12,88580470.2
Becky Smith,1,6.3,47726636.51668302
Beeban Kidron,1,5.9,40203020.0
Ben Affleck,2,7.65,114096341.5
Ben Falcone,2,5.1,73776455.0
Ben Lewin,1,7.2,5997134.0
Ben Stassen,1,6.1,47726636.51668302
Ben Stiller,5,6.34,60560021.8
Ben Wheatley,2,6.4,17953.0
Ben Younger,1,7.0,16938179.0
Benedek Fliegauf,1,6.4,47726636.51668302
Benedikt Erlingsson,1,6.9,11835.0
Benh Zeitlin,1,7.3,12784397.0
Benjamin Dickinson,1,5.5,62480.0
Benjamin Roberds,1,6.3,47726636.51668302
Bennett Miller,2,7.5,52176531.0
Benni Diez,1,5.0,47726636.51668302
Benny Boom,1,5.9,10017041.0
Benson Lee,1,5.0,8888355.0
Bernardo Bertolucci,2,7.949999999999999,45855433.258341506
Beto Gómez,1,6.0,1391770.0
Betty Thomas,4,5.3,108477742.5
Bibo Bergeron,3,6.566666666666666,86430439.83889434
Bigas Luna,1,6.8,244465.0
Bill Benenson,1,7.4,47726636.51668302
Bill Condon,5,6.56,83099222.4
Bill Duke,1,6.1,10572742.0
Bill Melendez,1,8.4,47726636.51668302
Bill Muir,1,4.8,549632.0
Bill Paxton,2,7.4,14217558.5
Bill Plympton,1,7.0,203134.0
Bille August,2,6.75,24974315.25834151
Bille Woodruff,4,5.125,23393527.5
Billy Bob Thornton,2,6.9,20001270.5
Billy Kent,1,5.6,47726636.51668302
Billy Ray,2,6.7,24967305.75834151
Billy Wilder,4,7.9750000000000005,42044977.38751227
Blair Erickson,1,5.5,47726636.51668302
Blair Hayes,1,5.6,5002310.0
Blake Edwards,2,6.65,26363318.25834151
Blaz Zavrsnik,1,6.4,47726636.51668302
Bo Welch,1,3.8,100446895.0
Bo Zenga,1,3.6,47726636.51668302
Boaz Yakin,3,7.033333333333334,58473535.666666664
Bob Clark,4,4.675,47369479.37917075
Bob Dolman,1,5.6,30306281.0
Bob Fosse,2,7.4,47726636.51668302
Bob Giraldi,1,7.3,110000.0
Bob Gosse,1,5.3,1425993.0
Bob Odenkirk,2,5.65,2757370.5
Bob Rafelson,2,6.35,24400962.25834151
Bob Saget,2,5.300000000000001,28851160.25834151
Bob Spiers,1,3.3,29247405.0
Bobby Farrelly,10,6.13,62790962.2
Bobby Roth,1,5.0,47726636.51668302
Bobcat Goldthwait,1,6.9,221210.0
Bonnie Hunt,1,6.9,32662299.0
Boris Rodriguez,1,5.7,1521.0
Brad Anderson,5,6.859999999999999,11783745.6
Brad Bird,5,7.58,158763032.4
Brad Copeland,1,6.6,47726636.51668302
Brad Furman,3,6.733333333333333,30748254.666666668
Brad J. Silverman,1,6.1,2507106.0
Brad Peyton,3,5.3999999999999995,100856563.0
Brad Silberling,4,6.2,58824292.25
Bradley Parker,1,5.0,18112929.0
Bradley Rust Gray,1,6.3,24705.0
Brandon Camp,1,5.6,22927390.0
Brandon Cronenberg,1,5.7,47726636.51668302
Brandon Landers,1,3.0,47726636.51668302
Brandon Trost,1,5.6,40557.0
Breck Eisner,3,6.166666666666667,45033973.333333336
Brenda Chapman,1,7.0,101217900.0
Brendan Malloy,1,6.3,13903262.0
Brenton Spencer,1,3.8,47726636.51668302
Brett Leonard,2,5.45,28074500.0
Brett Piper,1,4.5,47726636.51668302
Brett Ratner,9,6.455555555555556,109926458.0
Brian A Miller,1,4.6,47726636.51668302
Brian Baugh,1,7.1,3773863.0
Brian Caunter,1,6.2,47726636.51668302
Brian Dannelly,1,6.9,8786715.0
Brian De Palma,12,6.683333333333334,49691128.33611384
Brian Dorton,1,7.3,47726636.51668302
Brian Gibson,2,6.4,41967834.0
Brian Helgeland,5,6.720000000000001,48425654.2
Brian Henson,1,7.7,27281507.0
Brian Klugman,1,7.1,11434867.0
Brian Koppelman,2,6.25,7996484.0
Brian Levant,6,4.816666666666666,69006493.66666667
Brian Percival,1,7.6,21483154.0
Brian Robbins,6,5.533333333333334,32805137.666666668
Brian Trenchard-Smith,3,4.166666666666667,17900670.172227673
Brian Yuzna,1,5.9,47726636.51668302
Britt Allcroft,1,3.6,15911333.0
Bronwen Hughes,1,5.9,26539321.0
Bruce Beresford,4,7.300000000000001,68965478.37917075
Bruce Campbell,1,6.3,173066.0
Bruce Dellis,1,4.8,2468.0
Bruce Hunt,1,5.1,14888028.0
Bruce Macdonald,1,4.7,47726636.51668302
Bruce Malmuth,1,6.4,47726636.51668302
Bruce McCulloch,2,5.05,22301256.5
Bruce McDonald,1,6.7,3478.0
Bruce Paltrow,1,6.0,4734235.0
Bruno Barreto,1,6.4,47726636.51668302
Bryan Barber,1,6.2,12549485.0
Bryan Singer,8,7.2875,141592451.75
Burr Steers,4,6.425,27718895.25
Byron Howard,1,6.9,114053579.0
C. Fraser Press,1,6.7,47726636.51668302
C. Jay Cox,2,6.45,425938.0
Cal Brunker,1,5.9,57011847.0
Callie Khouri,2,5.9,45127693.5
Cameron Crowe,6,6.833333333333333,68368305.5
Camille Delamarre,2,5.4,18156692.0
Carl Franklin,3,6.6000000000000005,35219308.0
Carl Rinsch,1,6.3,38297305.0
Carl Theodor Dreyer,1,8.1,47726636.51668302
Carlos Carrera,1,6.8,5709616.0
Carlos Saldanha,4,6.825,166764467.75
Carlos Saura,1,7.2,1687311.0
Carmen Marron,1,3.9,178739.0
Carol Reed,2,7.15,32263318.25834151
Caroline Link,1,7.7,6173485.0
Carroll Ballard,2,7.35,24293319.25834151
Carter Smith,1,5.9,17427926.0
Cary Bell,1,8.7,47726636.51668302
Caryn Waechter,1,6.3,47726636.51668302
Cassandra Nicolaou,1,6.0,47726636.51668302
Catherine Gund,1,6.8,21199.0
Catherine Hardwicke,7,5.985714285714286,67682916.71428572
Catherine Jelski,1,4.2,58163.0
Catherine Owens,1,8.4,10353690.0
Cathy Malkasian,1,5.2,39880476.0
Cecil B. DeMille,1,6.7,36000000.0
Cedric Nicolas-Troyan,1,6.1,47952020.0
Chad Hartigan,1,6.6,47726636.51668302
Chad Kapper,1,3.4,47726636.51668302
Chan-wook Park,3,7.633333333333333,1365078.0
Chao-Bin Su,1,6.9,47726636.51668302
Charles Adelman,1,4.8,47726636.51668302
Charles Binamé,1,7.7,47726636.51668302
Charles Chaplin,1,8.6,163245.0
Charles Ferguson,3,7.866666666666667,1923750.6666666667
Charles Herman-Wurmfeld,3,6.2,32424650.0
Charles Martin Smith,3,6.133333333333333,46309696.333333336
Charles Matthau,1,6.5,47726636.51668302
Charles Robert Carner,1,3.1,4131640.0
Charles S. Dutton,1,5.3,5881504.0
Charles Shyer,1,6.2,13395939.0
Charles Stone III,2,5.6,39099232.0
Charles T. Kanganis,1,4.3,11784000.0
Charlie Kaufman,1,7.5,3081925.0
Charlie Levi,1,6.1,47726636.51668302
Chatrichalerm Yukol,1,6.6,454255.0
Cheryl Dunye,1,4.5,17321573.0
Chia-Liang Liu,1,7.6,11546543.0
Chris Atkins,1,7.4,47726636.51668302
Chris Buck,1,7.6,400736600.0
Chris Butler,1,7.0,55994557.0
Chris Carter,1,5.9,20981633.0
Chris Columbus,11,6.654545454545455,147155238.54545453
Chris D'Arienzo,1,5.9,47726636.51668302
Chris Eyre,1,7.2,6719300.0
Chris Gorak,1,4.9,21426805.0
Chris Kentis,2,5.5,21528056.0
Chris Koch,2,5.25,37708562.5
Chris Marker,1,7.4,47726636.51668302
Chris Miller,2,6.4,234970706.0
Chris Nahon,1,6.6,36833473.0
Chris Noonan,2,6.9,34787824.5
Chris Paine,1,7.7,1677838.0
Chris Roberts,1,4.1,11576087.0
Chris Robinson,1,6.0,21160089.0
Chris Rock,3,5.8,25205343.666666668
Chris Shadley,1,5.5,47726636.51668302
Chris Stokes,2,3.85,43896566.758341506
Chris Wedge,3,6.866666666666667,137367571.33333334
Chris Weitz,5,6.08,94640075.6
Christian Alvart,2,6.5,11787269.5
Christian Carion,1,7.8,1050445.0
Christian Ditter,1,6.1,46813366.0
Christian Duguay,2,5.1,17517536.5
Christian E. Christiansen,1,4.8,37300107.0
Christian Sesma,1,3.9,47726636.51668302
Christian Volckman,1,6.7,63260.0
Christine Jeffs,1,6.9,12055108.0
Christophe Ali,1,5.4,47726636.51668302
Christophe Barratier,1,7.9,3629758.0
Christophe Gans,1,6.6,46982632.0
Christopher Barnard,1,7.2,47726636.51668302
Christopher Cain,2,6.3,22896599.5
Christopher Erskin,1,4.3,31179516.0
Christopher Guest,4,7.175,11141198.0
Christopher Hutson,1,3.1,47726636.51668302
Christopher Landon,1,5.0,32453345.0
Christopher Leitch,1,3.2,7888703.0
Christopher M. Bessette,1,5.4,15059.0
Christopher McQuarrie,3,7.033333333333334,93694124.33333333
Christopher Morris,1,7.3,304137.0
Christopher Nolan,8,8.425,226653447.0
Christopher Scott Cherot,1,6.5,2301777.0
Christopher Smith,2,6.75,23931534.25834151
Christopher Spencer,1,5.6,59696176.0
Chuan Lu,1,7.7,119922.0
Chuck Bowman,1,4.6,47726636.51668302
Chuck Russell,6,5.8999999999999995,72233755.75278051
Chuck Sheetz,1,6.5,36696761.0
Ciarán Foy,1,5.2,27736779.0
Clare Kilner,2,5.9,22846909.0
Clark Baker,1,6.2,47726636.51668302
Clark Gregg,1,6.5,2926565.0
Clark Johnson,2,6.05,76461288.0
Claude Chabrol,2,6.6,206607.5
Claude Miller,1,6.9,206400.0
Claudia Llosa,1,5.3,52961.0
Claudia Sainte-Luce,1,7.0,11278.0
Clay Kaytis,1,6.3,107225164.0
Clint Eastwood,20,7.225,71302386.82583416
Clive Barker,1,7.0,14564027.0
Cody Cameron,1,6.5,119793567.0
Colin Higgins,1,5.8,69700000.0
Colin Minihan,1,6.1,47726636.51668302
Colin Strause,2,4.550000000000001,31584245.5
Colin Trevorrow,2,7.0,328092531.5
Collin Joseph Neal,1,3.7,47726636.51668302
Collin Schiffli,1,6.2,47726636.51668302
Conor McMahon,1,5.7,47726636.51668302
Conor McPherson,1,6.2,128937.0
Corbin Bernsen,1,5.7,47726636.51668302
Corey Grant,1,5.4,47726636.51668302
Corey Yuen,1,4.8,480314.0
Cory Edwards,1,6.5,51053787.0
Costa-Gavras,2,6.75,5415247.5
Courtney Hunt,1,7.2,2508841.0
Courtney Solomon,2,4.7,13396270.0
Craig Bolotin,1,6.0,5871603.0
Craig Brewer,2,7.2,15799061.5
Craig Gillespie,4,6.9,22061759.0
Craig Johnson,1,6.8,5283379.0
Craig Mazin,2,5.25,12942415.0
Craig Moss,2,2.6500000000000004,47726636.51668302
Craig R. Baxley,2,5.550000000000001,14771657.0
Craig Zobel,1,6.4,318622.0
Cristian Mungiu,1,7.9,1185783.0
Curtis Hanson,6,6.616666666666667,50169362.752780505
Cyrus Nowrasteh,1,5.4,6462576.0
Cédric Klapisch,2,7.1,2774068.0
D. Stevens,1,3.9,47726636.51668302
D.J. Caruso,5,6.74,63396341.4
D.W. Griffith,1,8.0,47726636.51668302
DJ Pooh,2,4.3,9959215.5
Dagur Kári,1,6.9,19959.0
Daisy von Scherler Mayer,2,4.6,5530576.0
Damian Nieman,1,6.4,10696.0
Damien Chazelle,1,8.5,13092000.0
Damien Dante Wayans,1,3.5,25615792.0
Damien O'Donnell,1,6.9,4170647.0
Damir Catic,1,5.4,47726636.51668302
Damon Santostefano,1,6.1,10544143.0
Dan Curtis,1,7.4,47726636.51668302
Dan Cutforth,1,5.9,25240988.0
Dan Fogelman,1,7.1,5348317.0
Dan Gilroy,1,7.9,32279955.0
Dan Harris,1,7.3,228524.0
Dan Ireland,1,5.0,47726636.51668302
Dan Mazer,1,6.0,35537564.0
Dan O'Bannon,1,7.3,47726636.51668302
Dan Perri,1,6.7,47726636.51668302
Dan Reed,1,5.6,47726636.51668302
Dan Rush,1,6.4,2711210.0
Dan Scanlon,1,7.3,268488329.0
Dan Trachtenberg,1,7.3,71897215.0
Dan Zukovic,1,6.9,22434.0
Daniel Algrant,1,5.5,121972.0
Daniel Barber,1,7.2,1818681.0
Daniel Barnz,2,6.0,16581724.5
Daniel Columbie,1,4.3,47726636.51668302
Daniel Davila,1,7.4,47726636.51668302
Daniel Espinosa,3,6.633333333333333,42514886.666666664
Daniel Hsia,1,6.3,10443.0
Daniel Lee,2,6.15,23899524.75834151
Daniel Mellitz,1,4.7,47726636.51668302
Daniel Myrick,1,6.4,140530114.0
Daniel Petrie Jr.,1,4.8,47726636.51668302
Daniel Sackheim,1,5.8,17951431.0
Daniel Schechter,1,6.3,47726636.51668302
Daniel Stamm,1,5.6,40990055.0
Daniel Taplitz,1,5.5,11827301.0
Daniele Luchetti,1,5.7,47726636.51668302
Danny Boyle,8,7.4375,35592222.0
Danny Cannon,2,5.699999999999999,22134792.5
Danny DeVito,3,6.266666666666667,14094771.666666666
Danny Leiner,2,6.3,32477269.5
Danny Pang,2,5.550000000000001,31503158.25834151
Danny Perez,1,6.3,47726636.51668302
Danny Provenzano,1,5.4,47726636.51668302
Danny Steinmann,1,4.7,21300000.0
Dany Boon,1,7.1,47726636.51668302
Darin Scott,1,4.8,47726636.51668302
Dario Argento,1,6.1,349618.0
Darnell Martin,1,7.0,8134217.0
Darrell Roodt,1,6.0,47726636.51668302
Darren Aronofsky,6,7.483333333333333,41885826.833333336
Darren Grant,1,5.6,50382128.0
Darren Lynn Bousman,5,6.56,55662515.10333661
Darren Stein,2,5.5,1538720.5
Daryl Wein,1,6.2,76382.0
Daston Kalili,1,5.8,47726636.51668302
Dave Borthwick,1,2.8,7382993.0
Dave Carroll,1,7.9,47726636.51668302
Dave Green,2,6.05,60277788.5
Dave McKean,1,6.9,864959.0
Dave Meyers,1,4.3,6026908.0
Dave Payne,1,4.9,47726636.51668302
Dave Rodriguez,1,6.3,47726636.51668302
David Anspaugh,1,6.2,375474.0
David Atkins,1,5.8,2025238.0
David Ayer,6,6.95,54671459.333333336
David Bowers,4,6.5,46425301.0
David Boyd,1,6.0,2859955.0
David Caffrey,1,6.1,47726636.51668302
David Carson,1,6.6,75668868.0
David Cronenberg,7,7.114285714285714,22035175.004766576
David Cross,1,5.8,47726636.51668302
David DeCoteau,2,3.0,47726636.51668302
David Dobkin,4,6.65,36600260.5
David Duchovny,1,7.0,371081.0
David E. Talbert,1,5.0,21564616.0
David F. Sandberg,1,6.9,56536016.0
David Fincher,10,7.75,86390452.4
David Frankel,4,6.6,84656146.0
David G. Evans,1,6.4,2428241.0
David Gelb,1,5.2,25799043.0
David Gordon Green,8,6.575,18500107.25
David Hackl,2,5.55,52228304.758341506
David Hayter,1,5.3,47726636.51668302
David Hewlett,1,7.0,47726636.51668302
David Hunt,1,6.3,47726636.51668302
David Jacobson,1,6.5,568695.0
David Kellogg,1,4.1,97360069.0
David Koepp,5,6.459999999999999,22001923.8
David LaChapelle,1,7.1,3278611.0
David Lam,1,5.3,47726636.51668302
David Lean,4,8.0,42830500.0
David Leland,2,5.55,23936359.75834151
David Lowery,1,7.3,47726636.51668302
David Lynch,5,7.640000000000001,27254143.406673204
David M. Matthews,1,3.5,2592808.0
David Mamet,2,7.05,6272423.5
David McNally,2,5.0,63760630.5
David Mirkin,1,6.2,40334024.0
David Moreau,1,5.4,31397498.0
David Nixon,1,6.3,2848578.0
David Nutter,1,5.5,17411331.0
David O. Russell,8,6.775,71034548.43958537
David Oelhoffen,1,7.3,47726636.51668302
David Palmer,1,6.1,13746550.0
David Pastor,1,6.0,90820.0
David R. Ellis,6,5.516666666666667,38635832.166666664
David Ray,1,6.8,47726636.51668302
David Raynr,3,5.366666666666667,12311973.666666666
David Robert Mitchell,1,6.9,14673301.0
David S. Goyer,2,5.35,47517777.0
David S. Ward,1,7.2,49797148.0
David Schwimmer,2,6.8,3028592.5
David Silverman,1,7.4,183132370.0
David Sington,1,8.1,1134049.0
David Slade,3,6.2,113700023.66666667
David Soren,1,6.5,83024900.0
David Twohy,4,6.675,38588475.75
David Wain,4,5.75,33246274.629170753
David Webb Peoples,1,6.5,882290.0
David Winning,1,2.8,47726636.51668302
David Winters,1,2.8,47726636.51668302
David Worth,1,6.9,47726636.51668302
David Yates,3,7.2,239336535.0
David Zucker,5,5.26,62037132.0
Davis Guggenheim,3,6.533333333333334,10623990.0
Dean DeBlois,3,7.766666666666667,180052210.33333334
Dean Israelite,1,6.4,22331028.0
Dean Parisot,4,6.275,61353939.5
Dean Wright,1,6.6,5669081.0
Deb Hagan,1,4.6,4693919.0
Deborah Anderson,1,5.3,47726636.51668302
Debra Granik,1,7.2,6531491.0
Deepa Mehta,2,7.8,1875914.5
Demian Lichtenstein,1,5.9,15738632.0
Dena Seidel,1,7.0,4914.0
Denis Villeneuve,3,7.966666666666666,38231814.0
Dennie Gordon,4,5.4,19286641.0
Dennis Dugan,9,5.733333333333333,94664663.55555555
Dennis Gansel,1,7.6,47726636.51668302
Dennis Hopper,1,7.2,47726636.51668302
Dennis Iliadis,1,6.6,32721635.0
Denys Arcand,1,7.7,3432342.0
Denzel Washington,2,7.449999999999999,25652144.5
Deon Taylor,1,4.1,143000.0
Derek Cianfrance,2,7.35,15542428.5
Derick Martini,1,4.5,47726636.51668302
Derrick Borte,1,6.5,1474508.0
Deryck Broom,1,3.7,47726636.51668302
Des McAnuff,1,4.1,26000610.0
Dewey Nicks,1,5.3,4814244.0
Dexter Fletcher,1,7.5,15785632.0
Diane English,1,4.9,26896744.0
Diane Keaton,1,4.7,36037909.0
Dick Richards,1,6.3,1000000.0
Dinesh D'Souza,1,5.1,33349949.0
Dito Montiel,1,5.1,28870.0
Dominic Burns,1,3.1,47726636.51668302
Dominic Sena,3,6.166666666666667,60561607.666666664
Dominique Othenin-Girard,1,5.2,11642254.0
Don Bluth,3,7.0,43047551.666666664
Don Coscarelli,3,6.633333333333333,34245374.67778868
Don Hall,1,7.9,222487711.0
Don Kempf,1,7.5,18642318.0
Don Mancini,1,4.9,17016190.0
Don Michael Paul,2,3.3,10527922.5
Don Scardino,1,5.9,22525921.0
Don Siegel,1,7.6,36500000.0
Don Taylor,1,6.3,47726636.51668302
Donald Petrie,8,5.6625000000000005,42597837.875
Doug Atchison,1,7.5,18811135.0
Doug Block,1,7.5,84689.0
Doug Lefler,1,5.4,5932060.0
Doug Liman,7,7.128571428571428,74148718.14285715
Doug Walker,1,7.1,47726636.51668302
Douglas Aarniokoski,2,4.6,30263913.25834151
Douglas Cheek,1,5.5,47726636.51668302
Douglas McGrath,3,6.3999999999999995,4033164.6666666665
Douglas Trumbull,1,6.7,47726636.51668302
Drake Doremus,1,6.7,3388210.0
Drew Barrymore,1,6.9,13034417.0
Drew Goddard,1,7.0,42043633.0
Dror Moreh,1,7.6,2408553.0
Duane Journey,1,4.3,47726636.51668302
Duke Johnson,1,7.3,3442820.0
Duncan Jones,3,7.566666666666666,35561858.0
Duncan Tucker,1,7.4,9013113.0
Dustin Hoffman,1,6.8,18381787.0
Dwight H. Little,2,5.25,24647196.5
Dylan Bank,1,4.2,47726636.51668302
E. Elias Merhige,2,6.4,8495790.5
E.L. Katz,1,6.8,59379.0
Ed Decter,1,5.9,28972187.0
Ed Gass-Donnelly,1,4.0,15152879.0
Ed Harris,2,6.9,14401958.5
Eddie O'Flaherty,1,6.6,5199.0
Edgar Wright,4,7.6,23645148.25
Edward Burns,4,6.425,16856759.879170753
Edward Dmytryk,1,5.5,47726636.51668302
Edward Hall,1,7.2,47726636.51668302
Edward Norton,1,6.4,37036404.0
Edward Zwick,7,7.242857142857143,56292012.0
Efram Potelle,1,6.1,279282.0
Ekachai Uekrongtham,1,5.7,162.0
Elaine May,1,4.2,14375181.0
Eldar Rapaport,1,6.1,47726636.51668302
Eli Craig,1,7.6,223615.0
Eli Roth,3,5.566666666666667,24002936.0
Elia Kazan,3,7.866666666666667,35017757.67778868
Elizabeth Allen Rosenbaum,2,6.0,22378561.0
Elizabeth Banks,2,5.4,96132575.5
Ellory Elkayem,1,5.4,17266505.0
Emile Ardolino,1,5.7,2119994.0
Emilio Estevez,1,7.0,11204499.0
Emily Dell,1,4.0,47726636.51668302
Emily Young,1,6.5,47726636.51668302
Emma-Kate Croghan,1,6.4,212285.0
Enrique Begne,1,5.0,3105269.0
Eric Blakeney,1,5.7,1631839.0
Eric Bress,1,7.7,23947.0
Eric Brevig,2,5.199999999999999,100935564.0
Eric Bross,2,4.8,26041689.75834151
Eric Bugbee,1,7.1,47726636.51668302
Eric Darnell,5,6.76,152696378.8
Eric Eason,1,7.0,47726636.51668302
Eric England,1,4.1,47726636.51668302
Eric Lartigau,1,7.4,47726636.51668302
Eric Lavaine,1,6.1,47726636.51668302
Eric Leighton,1,6.5,137748063.0
Eric Mendelsohn,1,5.2,47726636.51668302
Eric Nicholas,1,6.1,10018.0
Eric Schaeffer,1,6.0,295468.0
Eric Styles,1,6.4,7680.0
Eric Valette,2,3.9,37301582.758341506
Ericson Core,1,5.3,28772222.0
Erik Canuel,1,7.0,47726636.51668302
Erik White,1,4.9,24708699.0
Ernest R. Dickerson,1,6.7,21088568.0
Ernie Barbarash,2,5.449999999999999,23867663.75834151
Errol Morris,1,7.5,228830.0
Etan Cohen,1,6.0,90353764.0
Ethan Coen,7,7.114285714285714,56819679.571428575
Ethan Maniquis,1,6.7,26589953.0
Eugenio Derbez,1,7.6,44456509.0
Eugène Lourié,1,6.7,5000000.0
Evan Goldberg,2,6.65,53787688.5
Eytan Fox,1,7.3,155972.0
F. Gary Gray,8,6.9375,66365476.125
Fabián Bielinsky,1,7.9,1221261.0
Fatih Akin,1,7.3,274385.0
Fede Alvarez,1,6.5,54239856.0
Fedor Bondarchuk,1,5.3,47726636.51668302
Fenton Bailey,2,6.55,475143.0
Fernando Baez Mella,1,6.9,47726636.51668302
Fernando León de Aranoa,1,7.7,146402.0
Fernando Meirelles,3,7.599999999999999,14734054.666666666
Feroz Abbas Khan,1,7.4,240425.0
Ferzan Ozpetek,1,7.3,47726636.51668302
Fina Torres,1,5.3,5018450.0
Finn Taylor,1,7.0,464655.0
Florence Ayisi,1,7.5,32631.0
Florent-Emilio Siri,1,6.6,34636443.0
Floria Sigismondi,1,6.6,3571735.0
Florian Henckel von Donnersmarck,2,7.25,39457907.0
Floyd Mutrux,1,6.4,125169.0
Forest Whitaker,1,5.9,60033780.0
Francesca Gregorini,1,5.9,5005.0
Francis Ford Coppola,11,7.418181818181818,59483059.093942374
Francis Lawrence,5,7.0,271700394.2
Franck Khalfoun,1,6.1,12843.0
Franco Zeffirelli,1,6.9,14348123.0
Frank Borzage,1,6.6,47726636.51668302
Frank Capra,5,8.059999999999999,47726636.51668302
Frank Coraci,7,5.914285714285714,77498554.93095471
Frank Darabont,4,7.9750000000000005,54632879.25
Frank LaLoggia,1,6.7,1705139.0
Frank Lotito,1,8.2,47726636.51668302
Frank Marshall,4,6.425,63120914.25
Frank Miller,3,6.466666666666666,35877099.0
Frank Nissen,1,6.4,18081626.0
Frank Oz,7,6.414285714285714,49097433.428571425
Frank Perry,1,6.7,47726636.51668302
Frank Sebastiano,1,6.0,475000.0
Frank Whaley,1,5.4,703.0
Franklin J. Schaffner,3,6.733333333333333,32084424.344455346
François Girard,1,7.7,9473382.0
François Ozon,2,6.949999999999999,6590965.0
François Truffaut,1,7.2,26893.0
Fred Dekker,1,3.9,10696210.0
Fred Durst,1,5.1,11508423.0
Fred Savage,1,2.9,13235267.0
Fred Schepisi,1,7.0,2326407.0
Fred Walton,1,6.2,12947763.0
Fred Wolf,2,5.4,27400373.0
Fred Zinnemann,5,7.76,47726636.51668302
Frederik Du Chau,2,5.7,35952314.5
Fritz Lang,1,8.3,26435.0
Frédéric Auburtin,1,2.0,47726636.51668302
Frédéric Forestier,1,5.1,47726636.51668302
Gabe Ibáñez,1,6.1,47726636.51668302
Gabor Csupo,1,7.2,82234139.0
Gabriela Tagliavini,1,3.2,47726636.51668302
Gabriele Muccino,4,6.975,61465720.0
Gareth Edwards,1,6.4,237301.0
Gareth Evans,1,7.6,4105123.0
Garry Marshall,8,5.95,94417048.25
Garth Jennings,1,6.8,51019112.0
Gary Chapman,1,5.6,19447478.0
Gary David Goldberg,1,5.9,43894863.0
Gary Fleder,6,6.616666666666667,25251115.166666668
Gary Halvorson,1,5.8,11634458.0
Gary Hardwick,1,6.3,27457409.0
Gary McKendry,1,6.5,25093607.0
Gary Nelson,1,5.9,47726636.51668302
Gary Rogers,1,3.3,1098224.0
Gary Ross,3,7.1000000000000005,182845555.66666666
Gary Sherman,1,4.5,14114488.0
Gary Shore,1,6.3,55942830.0
Gary Sinyor,1,6.4,69582.0
Gary Trousdale,2,6.85,92077321.0
Gary Winick,5,6.14,50633939.6
Gaspar Noé,2,7.35,544984.0
Gavin Hood,4,6.875,63529136.0
Gavin O'Connor,5,6.9799999999999995,19305243.8
Gavin Wiesen,1,6.6,1429260.0
Gene Quintano,1,6.1,27979400.0
Gene Teigland,1,5.6,23616.0
Genndy Tartakovsky,2,6.9,159002810.0
Geoff Murphy,1,5.4,50024083.0
Geoffrey Sax,2,5.3,28259120.5
Georg Wilhelm Pabst,1,8.0,9950.0
George A. Romero,6,6.5,27444587.425008178
George Armitage,2,6.15,17242965.0
George Clooney,5,6.76,45884244.703336604
George Cukor,1,7.9,72000000.0
George Gallo,2,5.949999999999999,1122104.0
George Hickenlooper,2,6.300000000000001,1347118.0
George Jackson,1,5.1,19281235.0
George Lucas,5,7.4,348283696.0
George Miller,8,6.8,71823615.50417076
George Nolfi,1,7.1,62453315.0
George P. Cosmatos,3,6.366666666666667,69691679.0
George Ratliff,1,5.3,27445.0
George Roy Hill,2,8.2,130954450.0
George Sidney,3,6.833333333333333,34484424.34445535
George Stevens,1,6.6,8000000.0
George Tillman Jr.,4,6.925,38240794.0
Georgia Hilton,1,2.2,47726636.51668302
Gerald Potterton,1,6.7,47726636.51668302
Gerard Johnstone,1,6.8,47726636.51668302
Gerry Lively,1,4.9,47726636.51668302
Gia Coppola,1,6.3,750100.0
Gideon Raff,1,4.8,47726636.51668302
Gil Junger,2,6.0,35799457.0
Gil Kenan,2,6.55,40766351.5
Gilles Paquet-Brenner,1,7.5,7691700.0
Gillian Armstrong,2,7.0,25755994.5
Gillian Robespierre,1,6.8,3122616.0
Gina Prince-Bythewood,3,7.133333333333333,26606770.666666668
Giovanni Zelko,1,7.6,47726636.51668302
Giuliano Montaldo,1,6.2,47726636.51668302
Giuseppe Tornatore,1,7.8,85433.0
Glen Morgan,2,5.35,11543718.5
Glenn Ficarra,3,6.866666666666667,46709119.333333336
Gnana Rajasekaran,1,7.0,47726636.51668302
Gonzalo López-Gallego,1,5.2,17683670.0
Goran Dukic,1,7.4,104077.0
Gordon Chan,1,5.2,22108977.0
Gore Verbinski,7,6.985714285714286,189942999.2857143
Graham Annable,1,6.8,50807639.0
Grant Heslov,1,6.2,32416109.0
Greg Berlanti,1,7.0,1744858.0
Greg Coolidge,1,5.5,28435406.0
Greg Harrison,2,6.0,653126.0
Greg Marcks,1,7.2,47726636.51668302
Greg Mottola,3,7.133333333333333,58286668.333333336
Greg Tiernan,1,7.5,47726636.51668302
Gregor Jordan,2,6.0,24040189.75834151
Gregory Hoblit,3,6.6000000000000005,30916118.0
Gregory Jacobs,1,5.7,66009973.0
Gregory Nava,1,6.7,35422828.0
Gregory Poirier,1,5.3,13558739.0
Gregory Widen,1,6.6,16115878.0
Griffin Dunne,2,5.9,23361862.5
Guillaume Canet,2,6.8,112445.5
Guillaume Ivernel,1,6.6,47726636.51668302
Guillermo del Toro,5,7.140000000000001,71168710.2
Gurinder Chadha,3,6.1000000000000005,28956478.17222767
Gus Van Sant,7,7.128571428571428,36762906.571428575
Guy Hamilton,6,6.95,41125545.505561
Guy Maddin,1,7.0,39659.0
Guy Ritchie,7,7.114285714285714,68760204.42857143
Gérard Krawczyk,1,6.6,81525.0
H.M. Coakley,1,4.9,47726636.51668302
Hal Haberman,1,6.9,6387.0
Hal Needham,1,3.5,5333658.0
Ham Tran,1,7.4,638951.0
Hank Braxtan,1,4.0,47726636.51668302
Hans Canosa,1,7.1,379122.0
Hans Petter Moland,1,7.3,64148.0
Hao Ning,2,7.550000000000001,47726636.51668302
Harald Reinl,1,6.0,47726636.51668302
Harald Zwart,2,5.5,39225460.0
Hark Tsui,1,4.8,10076136.0
Harley Cokeliss,1,5.6,3060858.0
Harmage Singh Kalirai,1,5.8,47726636.51668302
Harmony Korine,1,5.3,14123773.0
Harold Becker,5,6.14,37991927.8
Harold Cronk,1,3.4,20773070.0
Harold Ramis,8,6.55,51530296.75
Harry Beaumont,1,6.3,2808000.0
Harry Elfont,2,5.9,19795973.5
Harry F. Millarde,1,4.8,3000000.0
Harry Gantz,1,4.7,247740.0
Hart Bochner,1,6.5,4350774.0
Hayao Miyazaki,4,8.225,8035078.75
Hayley Cloake,1,4.3,47726636.51668302
Heidi Ewing,1,6.4,100675.0
Henry Alex Rubin,1,7.8,1523883.0
Henry Bean,1,7.2,406035.0
Henry Hathaway,1,7.1,47726636.51668302
Henry Hobson,1,5.6,131175.0
Henry Jaglom,1,7.0,821997.0
Henry Joost,3,5.833333333333333,62256524.333333336
Henry King,1,7.0,47726636.51668302
Henry Koster,1,6.8,36000000.0
Henry Selick,2,6.2,40344787.5
Herb Freed,1,4.5,47726636.51668302
Herbert Ross,1,6.5,80000000.0
Hideaki Anno,1,8.2,47726636.51668302
Hideo Nakata,1,5.4,75888270.0
Hilary Brougher,1,6.3,18195.0
Hironobu Sakaguchi,1,6.4,32131830.0
Hitoshi Matsumoto,1,6.1,22770.0
Hong-jin Na,1,7.7,770629.0
Howard Deutch,3,5.966666666666666,26737630.666666668
Howard Hawks,1,7.8,47726636.51668302
Howard Hughes,1,7.8,47726636.51668302
Howard Zieff,2,6.449999999999999,64823621.0
Hoyt Yeatman,1,5.1,119420252.0
Hsiao-Hsien Hou,1,6.4,613556.0
Huck Botko,1,4.6,535249.0
Hue Rhodes,1,5.8,100669.0
Hugh Hudson,2,6.4,32671597.0
Hugh Johnson,1,5.2,11227940.0
Hugh Wilson,4,5.825,55708283.75
Hunter Richards,1,6.6,12667.0
Hyung-rae Shim,2,3.6,5559985.0
Iain Softley,4,6.55,30706329.25
Ian Fitzgibbon,1,6.4,828.0
Ian Iqbal Rashid,1,3.3,7070459.0
Ian Sharp,1,6.5,47726636.51668302
Ice Cube,1,5.6,23031390.0
Igor Kovalyov,1,5.9,100491683.0
Ingmar Bergman,1,8.2,47726636.51668302
Inna Evlannikova,1,5.2,47726636.51668302
Ira Sachs,2,6.15,24616817.25834151
Irvin Kershner,2,7.5,172829375.5
Irwin Winkler,4,6.45,25488293.25
Isaac Florentine,1,4.9,47726636.51668302
Isabel Coixet,1,7.6,395592.0
István Szabó,1,7.1,7739049.0
Ivan Engler,1,6.2,47726636.51668302
Ivan Kavanagh,1,6.7,47726636.51668302
Ivan Reitman,8,6.075,66857365.0
J Blakeson,1,5.2,34912982.0
J. Lee Thompson,2,5.8,47726636.51668302
J.A. Bayona,2,7.55,13077951.0
J.B. Rogers,2,5.65,75306764.0
J.C. Chandor,3,7.0,5788705.0
J.J. Abrams,4,7.449999999999999,186704452.25
J.S. Cardone,1,5.3,6755271.0
JK Youn,1,5.7,47726636.51668302
Jack Conway,1,7.1,47726636.51668302
Jack Heller,1,6.6,47726636.51668302
Jack Perez,1,6.4,47726636.51668302
Jack Sholder,1,5.4,30000000.0
Jack Smight,2,6.1,47726636.51668302
Jackie Earle Haley,1,5.8,47726636.51668302
Jaco Booyens,1,6.9,47726636.51668302
Jacob Aaron Estes,1,7.3,603943.0
Jacques Perrin,2,7.9,15084292.0
Jafar Panahi,1,7.5,673780.0
Jaime Zevallos,1,7.6,47726636.51668302
Jake Goldberger,1,5.9,47726636.51668302
Jake Kasdan,4,6.125,39783454.5
Jake Paltrow,1,5.9,20380.0
Jake Schreier,2,6.75,17657851.0
Jake Scott,1,7.0,152857.0
Jamaa Fanaka,1,5.8,47726636.51668302
Jamal Hill,1,7.2,444044.0
Jamel Debbouze,1,4.9,47726636.51668302
James Algar,3,7.5,79901459.33333333
James Bidgood,1,6.7,8231.0
James Bobin,3,6.633333333333333,72217146.33333333
James Bridges,1,5.6,16118077.0
James Cameron,7,7.914285714285714,278303701.4285714
James Cox,3,6.2,32169791.67778868
James David Pasternak,1,6.2,7826.0
James DeMonaco,3,6.1000000000000005,71596003.33333333
James Dodson,1,6.2,115504.0
James Fargo,1,6.5,1000000.0
James Foley,3,6.833333333333333,12697948.333333334
James Frawley,1,7.7,76657000.0
James Gartner,1,7.2,42643187.0
James Gray,4,6.75,8644778.5
James Gunn,3,7.133333333333333,113742527.66666667
James Isaac,1,4.4,12610731.0
James Ivory,7,7.057142857142857,17840871.78809757
James Kerwin,1,5.4,47726636.51668302
James L. Brooks,3,6.5,73298138.33333333
James Manera,1,4.4,830210.0
James Mangold,8,7.075,69298843.5
James Marsh,2,7.75,19422620.5
James Mather,1,6.1,14291570.0
James McTeigue,4,6.65,43083623.37917075
James Melkonian,1,4.6,7557877.0
James Mottern,1,6.7,52166.0
James Nunn,1,5.4,47726636.51668302
James O'Brien,1,4.0,47726636.51668302
James Ponsoldt,1,7.1,6851969.0
James Schamus,1,7.8,560512.0
James Toback,2,5.25,1003112.5
James Wan,7,7.2,113139457.71428572
James Watkins,2,6.6,27164048.5
James Wong,4,5.275,40164921.0
Jamie Babbit,2,6.5,1290519.5
Jamie Blanks,2,5.1,29216386.5
Jamie Thraves,1,6.0,47726636.51668302
Jamie Travis,1,6.0,1243961.0
Jamin Winans,1,7.0,47726636.51668302
Jan de Bont,5,5.5200000000000005,113569517.8
Jane Campion,3,6.633333333333333,16438503.333333334
Jane Clark,1,5.2,47726636.51668302
Janusz Kaminski,1,4.8,16779636.0
Jared Hess,3,6.233333333333333,41617368.0
Jason Alexander,1,6.7,39852.0
Jason Bateman,1,6.7,7764027.0
Jason Connery,1,3.8,47726636.51668302
Jason Eisener,1,6.1,703002.0
Jason Friedberg,4,2.6,32200757.75
Jason Miller,1,7.6,47726636.51668302
Jason Moore,1,7.2,64998368.0
Jason Naumann,1,6.9,47726636.51668302
Jason Reitman,5,7.140000000000001,56352194.2
Jason Stone,1,5.8,47726636.51668302
Jason Trost,1,4.0,47726636.51668302
Jason Zada,1,4.8,26583369.0
Jaume Balagueró,4,6.675,29410095.50834151
Jaume Collet-Serra,8,6.475,50000031.0
Jay Alaimo,1,4.6,47726636.51668302
Jay Chandrasekhar,4,6.0249999999999995,30732667.25
Jay Duplass,4,6.35,3008021.25
Jay Levey,1,7.0,6157157.0
Jay Oliva,1,8.4,47726636.51668302
Jay Roach,8,6.4875,135813082.875
Jay Russell,3,6.733333333333333,42599492.0
Je-kyu Kang,1,8.1,1110186.0
Jean-François Richet,1,6.3,19976073.0
Jean-Jacques Annaud,4,7.275,38993139.12917075
Jean-Jacques Mantello,1,6.5,7518876.0
Jean-Luc Godard,2,7.550000000000001,47726636.51668302
Jean-Marc Vallée,3,7.466666666666666,25388618.0
Jean-Marie Poiré,3,6.266666666666667,1874359.6666666667
Jean-Paul Rappeneau,2,7.0,2115453.5
Jean-Pierre Jeunet,5,7.340000000000001,17695693.4
Jeannot Szwarc,2,6.5,75324506.2583415
Jeb Stuart,2,6.550000000000001,3282467.0
Jee-woon Kim,2,6.85,6077578.0
Jeff Burr,1,5.9,1400000.0
Jeff Crook,1,4.6,47726636.51668302
Jeff Franklin,1,5.8,2800000.0
Jeff Garlin,1,6.2,194568.0
Jeff Kanew,1,5.5,8508843.0
Jeff Lowell,1,5.2,7563670.0
Jeff Nathanson,1,5.7,463730.0
Jeff Nichols,4,7.2,6768182.75
Jeff Schaffer,1,6.6,17718223.0
Jeff Tremaine,4,6.85,89056631.25
Jeff Wadlow,3,6.366666666666667,21214091.0
Jeffrey St. Jules,1,5.4,47726636.51668302
Jeffrey W. Byrd,1,4.1,4006906.0
Jehane Noujaim,1,8.1,47726636.51668302
Jem Cohen,1,6.0,47726636.51668302
Jennifer Finnigan,1,4.5,47726636.51668302
Jennifer Flackett,1,6.0,48006503.0
Jennifer Wynne Farmer,1,6.5,10508.0
Jennifer Yuh Nelson,1,7.3,165230261.0
Jeremy Brock,1,6.8,238774.0
Jeremy Degruson,1,6.3,4091.0
Jeremy Leven,1,6.8,22200000.0
Jeremy Saulnier,2,7.1,1738571.0
Jeremy Sims,1,7.1,47726636.51668302
Jerome Elston Scott,1,7.2,47726636.51668302
Jerome Robbins,1,7.6,43650000.0
Jerry Belson,1,6.2,47726636.51668302
Jerry Dugan,1,3.4,47726636.51668302
Jerry Jameson,2,5.0,4778834.0
Jerry Rees,1,7.3,47726636.51668302
Jerry Zaks,1,6.7,12782508.0
Jerry Zucker,3,6.433333333333334,103946321.33333333
Jesse Dylan,3,6.033333333333334,62696845.0
Jesse Peretz,2,5.95,12425044.5
Jesse Vaughan,1,4.5,13571817.0
Jessica Bendinger,1,6.4,26870825.0
Jessie Nelson,2,6.65,33277685.0
Jessy Terrero,1,4.4,13922211.0
Jeta Amata,1,5.6,47726636.51668302
Jez Butterworth,1,6.1,4919896.0
Jill Sprecher,2,6.75,1865894.5
Jim Abrahams,1,7.8,83400000.0
Jim Amatulli,1,4.5,47726636.51668302
Jim Chuchu,1,7.4,47726636.51668302
Jim Fall,1,5.3,42672630.0
Jim Field Smith,1,6.4,31584722.0
Jim Gillespie,2,5.449999999999999,59973015.758341506
Jim Goddard,1,3.0,2315683.0
Jim Hanon,1,7.0,11703287.0
Jim Issa,1,5.2,47726636.51668302
Jim Jarmusch,1,7.5,3300230.0
Jim Mickle,1,6.5,18469.0
Jim Sheridan,4,6.3,27317148.0
Jim Sonzero,1,4.7,20259297.0
Jimmy Hayward,2,5.300000000000001,33143569.0
Jirí Menzel,1,7.4,617228.0
Joachim Rønning,1,5.7,47726636.51668302
Joan Chen,1,5.5,37752931.0
Joby Harold,1,6.5,14373825.0
Jodie Foster,3,6.666666666666667,19828357.0
Jody Hill,1,5.8,23993605.0
Joe Berlinger,1,4.0,26421314.0
Joe Camp,1,6.1,39552600.0
Joe Carnahan,3,6.8999999999999995,32542914.333333332
Joe Chappelle,1,4.9,15126948.0
Joe Charbanic,1,5.3,28927720.0
Joe Cornish,1,6.6,1024175.0
Joe Cross,1,7.6,47726636.51668302
Joe Dante,7,6.3,51395896.788097575
Joe Johnston,4,6.325,121756789.25
Joe Kenemore,1,8.2,47726636.51668302
Joe Marino,1,2.6,47726636.51668302
Joe Nussbaum,3,5.666666666666667,9959544.666666666
Joe Pytka,1,6.3,90443603.0
Joe Roth,2,5.45,83654787.5
Joe Swanberg,2,5.85,186510.0
Joe Wright,7,6.757142857142857,34849340.85714286
Joel Anderson,1,6.1,47726636.51668302
Joel Coen,4,7.3999999999999995,25227835.25
Joel Edgerton,1,7.1,43771291.0
Joel Gallen,1,5.7,37882551.0
Joel Paul Reisig,2,6.15,47726636.51668302
Joel Schumacher,13,6.407692307692307,60861436.0
Joel Zwick,2,5.449999999999999,144775991.5
Joey Lauren Adams,1,6.2,117560.0
Johanna Schwartz,1,7.7,47726636.51668302
John 'Bud' Cardos,1,5.9,17000000.0
John A. Davis,2,5.95,54527053.5
John Badham,1,7.1,79568000.0
John Blanchard,1,9.5,47726636.51668302
John Bonito,1,4.7,18843314.0
John Boorman,3,5.733333333333333,36314975.34445535
John Cameron Mitchell,3,7.1000000000000005,2411756.0
John Carl Buechler,1,5.3,19170001.0
John Carney,2,7.65,12803337.0
John Carpenter,11,6.736363636363635,20121249.545454547
John Cornell,1,5.5,109306210.0
John Cromwell,1,7.8,47726636.51668302
John Crowley,1,7.5,38317535.0
John Curran,2,6.45,4921857.0
John D. Hancock,1,6.6,1711.0
John Dahl,4,6.8,14368052.25
John Duigan,1,5.8,15593.0
John Eng,1,5.6,39399750.0
John Erick Dowdle,4,6.3,28439563.5
John Ford,4,7.55,47726636.51668302
John Fortenberry,1,6.2,30324946.0
John Francis Daley,1,6.1,58879132.0
John Frankenheimer,5,6.140000000000001,37617525.40667321
John G. Avildsen,2,7.65,104017623.5
John Gatins,1,6.9,32701088.0
John Glen,5,6.6,53270582.4
John Gray,1,5.3,20400913.0
John Guillermin,1,4.8,47726636.51668302
John Gulager,1,6.4,47726636.51668302
John H. Lee,1,6.8,31662.0
John Hamburg,3,6.366666666666667,53074928.333333336
John Herzfeld,2,6.0,36051036.258341506
John Hillcoat,3,7.0,4861440.666666667
John Hoffman,1,5.1,37566230.0
John Huston,2,7.4,47726636.51668302
John Lafia,1,5.7,28501605.0
John Laing,1,6.3,47726636.51668302
John Landis,5,7.0,75307327.3033366
John Lasseter,5,7.380000000000001,207183190.6
John Lee Hancock,4,7.05,109313385.0
John Luessenhop,2,5.5,46039488.0
John Maclean,1,6.9,229094.0
John Madden,5,6.779999999999999,47272993.4
John Maybury,1,7.1,6301131.0
John McNaughton,1,6.5,29753944.0
John McTiernan,10,6.63,60615383.8
John Michael McDonagh,1,7.3,5359774.0
John Milius,3,6.333333333333333,33293936.17222767
John Moore,4,5.8,47027413.0
John Murlowski,1,5.8,47726636.51668302
John Ottman,1,4.1,21468807.0
John Pasquin,3,5.633333333333333,72025478.0
John Patrick Shanley,1,7.5,33422556.0
John Polson,2,5.45,39830795.0
John Putch,1,5.5,3333823.0
John R. Leonetti,2,4.550000000000001,60095621.5
John Reinhardt,1,7.1,47726636.51668302
John Sayles,4,6.85,4628904.0
John Schlesinger,3,6.233333333333333,38618736.17222767
John Schultz,3,5.3999999999999995,31492071.333333332
John Simpson,1,6.4,47726636.51668302
John Singleton,7,6.257142857142858,59102062.0
John Stainton,1,5.4,28399192.0
John Stephenson,1,5.8,2209479.0
John Stockwell,4,6.75,30811635.629170753
John Sturges,1,8.3,47726636.51668302
John Turturro,2,6.25,688363.0
John Waters,3,6.333333333333333,3112934.0
John Wells,2,6.949999999999999,25694569.0
John Whitesell,5,4.88,42166964.6
John Woo,6,6.516666666666667,82233506.0
Johnnie To,1,7.3,49413.0
Johnny Remo,1,5.6,96734.0
Jon Amiel,4,6.2,41167332.0
Jon Avnet,3,6.0,36017707.666666664
Jon Cassar,1,6.3,47726636.51668302
Jon Favreau,6,7.016666666666667,199956067.66666666
Jon Gunn,3,6.033333333333334,4414159.0
Jon Hess,1,5.1,1200000.0
Jon Hurwitz,2,6.65,47405723.0
Jon Kasdan,1,6.5,11043445.0
Jon Knautz,3,5.633333333333333,47726636.51668302
Jon Lucas,2,6.300000000000001,40568536.0
Jon M. Chu,5,5.34,72118004.0
Jon Poll,1,7.0,3950294.0
Jon Shear,1,7.0,1027119.0
Jon Stewart,1,6.6,3093491.0
Jon Turteltaub,7,6.5,82476454.28571428
Jon Wright,1,6.3,47726636.51668302
Jonas Elmer,1,5.6,16699684.0
Jonas Åkerlund,2,6.449999999999999,24068438.75834151
Jonathan Caouette,1,7.2,592014.0
Jonathan Dayton,1,7.9,59889948.0
Jonathan Demme,5,7.1,61927891.4
Jonathan English,1,6.2,47726636.51668302
Jonathan Frakes,4,5.85,51468038.5
Jonathan Glazer,3,6.566666666666666,4850401.0
Jonathan Hensleigh,1,6.5,33682273.0
Jonathan Jakubowicz,1,7.2,47726636.51668302
Jonathan Kaplan,1,6.4,10114315.0
Jonathan Kesselman,1,6.2,19539.0
Jonathan Levine,4,6.8,37781902.12917075
Jonathan Liebesman,5,5.66,85941323.2
Jonathan Lynn,4,6.7,35177212.5
Jonathan Meyers,1,5.3,47726636.51668302
Jonathan Mostow,4,6.55,79026956.5
Jonathan Newman,1,5.4,4756.0
Jonathan Parker,1,5.0,47726636.51668302
Jonathan Teplitzky,1,7.1,4435083.0
Jonathan Wacks,1,6.1,47726636.51668302
Joon-ho Bong,2,7.0,3382220.5
Jorge Blanco,1,6.1,42194060.0
Jorge Gaggero,1,7.2,47726636.51668302
Jorge R. Gutiérrez,1,7.3,50150619.0
Jorge Ramírez Suárez,1,7.7,100412.0
Jorma Taccone,1,5.5,8460995.0
Josef Rusnak,1,7.0,15500000.0
Joseph Dorman,1,6.8,906666.0
Joseph Gordon-Levitt,1,6.6,24475193.0
Joseph Green,1,4.1,47726636.51668302
Joseph Kahn,2,4.9,34451479.258341506
Joseph Kosinski,4,7.175,120212986.37917076
Joseph L. Mankiewicz,1,7.0,57750000.0
Joseph Mazzella,1,4.8,47726636.51668302
Joseph Ruben,1,5.6,35324232.0
Joseph Sargent,1,2.8,20763013.0
Joseph Zito,2,5.6,40163318.258341506
Josh Boone,1,7.8,124868837.0
Josh Gordon,2,6.199999999999999,72955999.0
Josh Schwartz,1,5.4,9402410.0
Josh Trank,2,5.699999999999999,60343358.5
Joshua Logan,1,6.7,47726636.51668302
Joshua Marston,1,7.5,6517198.0
Joshua Michael Stern,1,6.1,16284360.0
Joshua Oppenheimer,1,8.2,484221.0
Joshua Seftel,1,5.7,578527.0
Joshua Tickell,1,7.6,173783.0
Joss Whedon,3,7.866666666666667,369202360.3333333
José Luis Valenzuela,1,3.6,428535.0
José Padilha,3,6.833333333333333,39074024.666666664
Juan Carlos Fresnadillo,1,7.0,28637507.0
Juan José Campanella,2,7.449999999999999,33947030.258341506
Judd Apatow,5,6.6,97464707.6
Jugal Hansraj,1,5.3,55202.0
Julian Gilbey,2,6.15,47726636.51668302
Julian Jarrold,2,7.1,33195273.75834151
Julian Schnabel,2,7.45,4476033.0
Julie Anne Robinson,2,5.55,44669273.0
Julie Davis,1,5.4,33598.0
Julie Taymor,3,6.733333333333334,16794366.666666668
Julien Temple,1,6.6,47726636.51668302
Julio DePietro,1,5.9,100503.0
Jun Falkenstein,1,6.3,45542421.0
Juraj Jakubisko,1,6.0,47726636.51668302
Justin Chadwick,2,6.9,17569852.5
Justin Dillon,1,7.5,215185.0
Justin Kerrigan,1,7.1,104257.0
Justin Lin,5,6.840000000000001,81324159.0
Justin Molotnikov,1,6.9,47726636.51668302
Justin Paul Miller,1,8.3,47726636.51668302
Justin Thomas Ostensen,1,4.5,47726636.51668302
Justin Tipping,1,7.8,47726636.51668302
Justin Zackham,1,5.6,21784432.0
Jérôme Deschamps,1,2.9,47726636.51668302
Jérôme Salle,1,6.7,47726636.51668302
K. King,1,3.5,47726636.51668302
Kabir Sadanand,1,4.7,47726636.51668302
Kaige Chen,1,5.6,668171.0
Kar-Wai Wong,3,6.8999999999999995,2574131.6666666665
Karan Johar,2,7.0,3647069.0
Karen Moncrieff,2,6.7,240718.5
Karey Kirkpatrick,1,5.6,16088610.0
Kari Skogland,1,6.9,47726636.51668302
Karim Aïnouz,1,6.1,20262.0
Karyn Kusama,2,5.3,21031390.0
Kasi Lemmons,3,5.8999999999999995,7508596.666666667
Kat Coiro,1,5.7,20186.0
Kate Barker-Froyland,1,5.8,20200.0
Kate Connor,1,5.9,73678.0
Katherine Brooks,1,6.7,47726636.51668302
Katherine Dieckmann,1,4.7,92900.0
Kathryn Bigelow,3,7.233333333333333,48863131.0
Katie Aselton,1,4.7,47726636.51668302
Katja von Garnier,1,5.5,3525161.0
Katsuhiro Ôtomo,2,7.5,424775.0
Katt Shea,1,4.6,17757087.0
Kay Pollak,1,7.6,9910.0
Keenen Ivory Wayans,4,5.175,57018530.5
Keith Gordon,1,5.6,336456.0
Keith Parmer,1,4.6,47726636.51668302
Kelly Asbury,1,7.0,73215310.0
Kelly Makin,1,5.8,33864342.0
Kelly Reichardt,3,6.766666666666667,696631.3333333334
Ken Annakin,1,7.8,47726636.51668302
Ken Del Conte,1,4.3,47726636.51668302
Ken Kwapis,4,6.2,49216905.75
Ken Loach,1,7.5,1829142.0
Ken Roht,1,7.0,47726636.51668302
Ken Scott,2,5.9,20436915.0
Ken Shapiro,1,5.0,47726636.51668302
Kenneth Branagh,7,7.1000000000000005,73937953.93095472
Kenneth Johnson,1,2.8,1686429.0
Kenneth Lonergan,2,7.1,4613385.0
Kenny Ortega,5,5.7,59473762.206673205
Kent Alterman,1,5.8,33472850.0
Kerry Conran,1,6.1,37760080.0
Kevin Allen,2,5.4,11704219.0
Kevin Bray,2,5.95,35671485.0
Kevin Brodie,1,6.3,2148212.0
Kevin Carraway,1,3.5,47726636.51668302
Kevin Costner,3,7.166666666666667,86710306.33333333
Kevin Donovan,1,5.3,50189179.0
Kevin Greutert,2,5.8,36670134.0
Kevin Hamedani,1,5.1,47726636.51668302
Kevin Hooks,1,5.3,17100000.0
Kevin Jordan,1,7.6,277233.0
Kevin Lima,2,5.949999999999999,97324218.0
Kevin Macdonald,3,7.633333333333333,19717492.666666668
Kevin Munroe,2,5.699999999999999,27657975.0
Kevin Reynolds,5,6.68,69030827.8
Kevin Rodney Sullivan,3,5.7,56863546.333333336
Kevin Smith,12,6.566666666666666,25082613.2527805
Kevin Spacey,2,6.4,3235557.0
Kevin Tancharoen,2,5.2,17156524.0
Kevin Tenney,1,5.7,7369373.0
Khalid Mohamed,1,6.2,610991.0
Khalil Sullins,1,5.6,47726636.51668302
Khyentse Norbu,1,7.5,505295.0
Kief Davidson,1,6.8,100240.0
Kim Farrant,1,5.2,47726636.51668302
Kim Nguyen,1,7.2,47726636.51668302
Kimberly Peirce,3,6.666666666666667,19237438.0
Kimble Rendall,1,5.2,47726636.51668302
King Vidor,3,7.133333333333334,38617757.67778868
Kinka Usher,1,6.0,29655590.0
Kirk De Micco,2,5.9,108635757.0
Kirk Jones,5,6.6,36288821.8
Kirk Loudon,1,5.0,47726636.51668302
Kirk Wong,1,6.1,27052167.0
Kirsten Sheridan,1,7.5,31655091.0
Kiyoshi Kurosawa,1,7.4,94596.0
Klaus Menzel,1,3.3,16066.0
Kris Isacsson,1,4.9,20035310.0
Kristin Rizzo,1,8.0,47726636.51668302
Kriv Stenders,1,7.5,47726636.51668302
Kundan Shah,1,2.8,47726636.51668302
Kunihiko Yuyama,1,5.6,47726636.51668302
Kurt Hale,2,6.2,1181206.5
Kurt Voss,1,6.1,58936.0
Kurt Wimmer,2,5.95,9845492.0
Kyle Balda,1,6.4,336029560.0
Lajos Koltai,1,7.1,195888.0
Lana Wachowski,6,6.916666666666667,114539781.83333333
Lance Hool,1,6.2,229311.0
Lance Kawas,1,6.2,47726636.51668302
Lance McDaniel,1,8.0,47726636.51668302
Lance Mungia,1,6.7,124494.0
Lance Rivera,1,3.6,11540112.0
Larry Blamire,1,7.0,110536.0
Larry Charles,5,6.540000000000001,52328960.6
Larry Clark,2,7.0,3963651.0
Lars von Trier,3,7.5,2420522.0
Laslo Benedek,1,6.8,47726636.51668302
Lasse Hallström,9,7.111111111111111,40100239.61296478
Lauren Lazin,1,8.0,7707563.0
Laurence Dunmore,1,6.4,4829497.0
Laurent Bouhnik,1,5.6,47726636.51668302
Laurent Cantet,1,7.5,3766595.0
Laurent Tirard,2,7.25,24180456.75834151
Laurie Collyer,1,6.6,198407.0
Lawrence Guterman,2,3.7,55192898.5
Lawrence Kasanoff,1,1.7,47726636.51668302
Lawrence Kasdan,5,6.26,19457037.8
Lee Daniels,3,7.266666666666667,70568409.33333333
Lee Tamahori,5,6.14,57895929.6
Lee Toland Krieger,2,6.95,22786431.0
Lee Unkrich,1,8.3,414984497.0
Leigh Whannell,1,6.1,52200504.0
Len Wiseman,3,7.0,82774542.66666667
Lena Dunham,1,6.3,389804.0
Lenny Abrahamson,1,8.3,14677654.0
Leon Ford,1,6.1,47726636.51668302
Leon Ichaso,1,5.9,18272447.0
Leonard Farlinger,1,5.3,47726636.51668302
Leonard Nimoy,3,6.6000000000000005,117964697.33333333
Leos Carax,1,7.1,47726636.51668302
Les Mayfield,5,5.5,38174620.8
Leslie H. Martinson,1,6.5,47726636.51668302
Leslie Small,2,7.1,19968440.5
Leslye Headland,1,5.3,418268.0
Levan Gabriadze,1,5.7,31537320.0
Lewis Gilbert,3,6.766666666666667,50866666.666666664
Lexi Alexander,1,6.0,7948159.0
Li Zhang,1,6.0,127437.0
Lijun Sun,1,3.2,47726636.51668302
Liliana Cavani,1,6.7,47726636.51668302
Linda Mendoza,1,4.8,6126237.0
Lionel C. Martin,1,5.3,13960203.0
Lisa Azuelos,1,4.3,47726636.51668302
Lisa Cholodenko,1,7.1,20803237.0
Lisanne Pajot,1,7.7,47726636.51668302
Liv Ullmann,1,5.6,47726636.51668302
Livingston Oden,1,6.8,47726636.51668302
Liz Friedlander,1,6.7,34703228.0
Lloyd Bacon,1,7.7,2300000.0
Lloyd Kaufman,1,6.2,23000.0
Lluís Quílez,1,4.7,47726636.51668302
Lone Scherfig,2,7.15,13170364.5
Lorene Scafaria,1,6.7,6619173.0
Lori Petty,1,6.5,47726636.51668302
Lori Silverbush,1,6.9,47726636.51668302
Louis C.K.,1,5.2,3293258.0
Louis Leterrier,6,6.666666666666667,84720389.5
Louis Morneau,1,3.6,10149779.0
Lowell Sherman,1,6.5,47726636.51668302
Luc Besson,5,6.6,53415221.9033366
Luc Jacquet,1,7.6,77413017.0
Luca Guadagnino,1,7.0,5004648.0
Lucile Hadzihalilovic,1,6.4,47726636.51668302
Lucio Fulci,1,6.9,126387.0
Lucky McKee,1,6.7,145540.0
Lucrecia Martel,1,6.7,304124.0
Luis Llosa,2,5.0,61460285.0
Luis Mandoki,2,5.85,38421768.0
Luis Valdez,1,6.8,54215416.0
Lukas Moodysson,1,7.9,181655.0
Luke Dye,1,5.2,47726636.51668302
Luke Greenfield,4,6.0,47941854.75
Lynn Shelton,1,6.7,1573712.0
Lynne Ramsay,2,7.1,1002943.0
Léa Pool,2,6.85,23875710.25834151
M. Night Shyamalan,9,6.044444444444444,121621863.1111111
Mabel Cheung,1,6.2,47726636.51668302
Mabrouk El Mechri,1,4.9,3749061.0
Maggie Carey,1,5.8,3447339.0
Maggie Greenwald,1,7.3,3050934.0
Majid Majidi,1,8.5,925402.0
Maksim Fadeev,1,4.1,47726636.51668302
Malcolm D. Lee,7,5.785714285714286,35205881.85714286
Malcolm Goodwin,1,5.5,47726636.51668302
Mamoru Hosoda,1,5.9,9628751.0
Marc Abraham,1,7.0,4234040.0
Marc Bennett,1,6.7,47726636.51668302
Marc F. Adler,1,4.4,511920.0
Marc Forby,1,6.2,883887.0
Marc Forster,8,7.1499999999999995,69731188.43958537
Marc Lawrence,3,5.766666666666667,57816812.666666664
Marc Levin,1,7.2,982214.0
Marc Schölermann,1,6.0,108662.0
Marc Webb,3,7.133333333333333,165758656.66666666
Marcio Garcia,1,5.5,47726636.51668302
Marco Kreuzpaintner,2,7.45,154609.0
Marco Schnabel,1,3.8,32178777.0
Marcos Siega,1,4.1,5654777.0
Marcus Dunstan,1,6.1,6842058.0
Marcus Nispel,1,4.6,47726636.51668302
Marcus Raboy,2,5.5,40355174.758341506
Maria Maggenti,1,6.5,1977544.0
Marianna Palka,1,6.5,15542.0
Marielle Heller,1,6.9,1477002.0
Mariette Monpierre,1,6.7,47726636.51668302
Marilyn Agrelo,1,7.5,8044906.0
Mario Van Peebles,2,5.0,23876824.25834151
Marius A. Markevicius,1,8.4,133778.0
Mark A.Z. Dippé,1,5.2,54967359.0
Mark Andrews,1,7.2,237282182.0
Mark Brown,2,5.199999999999999,11164131.5
Mark Christopher,1,5.8,16574731.0
Mark Dindal,3,6.666666666666667,76080276.33333333
Mark Griffiths,1,6.3,47726636.51668302
Mark Helfrich,1,5.6,35000629.0
Mark Herman,2,7.4,6812790.5
Mark Illsley,1,6.3,1943649.0
Mark L. Lester,4,6.325,28207207.50834151
Mark Mylod,1,6.0,13987482.0
Mark Neveldine,5,5.5600000000000005,23086958.4
Mark Osborne,2,7.699999999999999,108367086.5
Mark Pellington,2,6.85,29795598.5
Mark Piznarski,1,5.1,10494147.0
Mark Romanek,2,7.0,17004588.0
Mark Rosman,2,5.7,33839467.5
Mark Rydell,1,6.9,29200000.0
Mark Sandrich,1,7.8,3000000.0
Mark Steven Johnson,2,6.050000000000001,67027640.0
Mark Tarlov,1,5.3,4394936.0
Mark Tonderai,1,5.6,31607598.0
Mark Waters,6,6.3,65721264.166666664
Mark Young,1,5.4,47726636.51668302
Mars Callahan,1,7.0,562059.0
Martha Coolidge,1,5.9,28165882.0
Martin Brest,4,6.1,80860131.25
Martin Campbell,8,6.55,80694307.875
Martin Koolhoven,1,7.1,542860.0
Martin Lawrence,1,5.6,34746109.0
Martin McDonagh,2,7.6,11373445.5
Martin Ritt,2,7.4,47726636.51668302
Martin Scorsese,20,7.659999999999999,50787020.0516683
Martin Weisz,1,5.1,20801344.0
Martyn Pick,1,5.7,47726636.51668302
Mary Harron,1,7.6,15047419.0
Mary Lambert,2,5.6,31343338.5
Mary McGuckian,1,5.1,42880.0
Mary Pat Kelly,1,5.8,47726636.51668302
Maryam Keshavarz,1,5.9,439958.0
Masayuki Ochiai,1,5.2,25926543.0
Mateo Gil,1,6.6,199652.0
Mathieu Amalric,1,6.3,231186.0
Mathieu Kassovitz,2,5.699999999999999,41059883.0
Matt Bettinelli-Olpin,1,4.0,15818967.0
Matt Birch,2,6.95,47726636.51668302
Matt Cimber,1,4.5,47726636.51668302
Matt Dillon,1,6.0,325491.0
Matt Jackson,1,5.4,47726636.51668302
Matt Johnson,1,6.7,47726636.51668302
Matt Maiellaro,1,6.9,5518918.0
Matt Piedmont,1,5.5,5895238.0
Matt Reeves,4,6.675,87109788.37917076
Matt Walsh,1,5.4,47726636.51668302
Matt Williams,1,6.8,33771174.0
Matthew Bright,1,6.9,47726636.51668302
Matthew Diamond,1,6.7,1064277.0
Matthew Hastings,1,4.6,47726636.51668302
Matthew O'Callaghan,1,6.6,58336565.0
Matthew R. Anderson,1,3.0,47726636.51668302
Matthew Robbins,1,6.7,6000000.0
Matthew Vaughn,4,7.65,58783243.5
Matthew Watts,1,6.8,47726636.51668302
Matty Rich,2,6.2,5796499.0
Maurice Joyce,1,5.0,19421271.0
Maurizio Benazzo,1,7.2,381225.0
Max Färberböck,1,7.3,927107.0
Max Joseph,1,6.1,3590010.0
Max Mayer,1,7.2,2277396.0
Maïwenn,1,7.3,171320.0
McG,6,6.083333333333333,80048424.5
Meiert Avis,1,4.2,1046166.0
Mel Brooks,6,7.2,64516565.42500818
Mel Gibson,3,7.766666666666667,42319717.333333336
Mel Smith,1,6.2,226792.0
Mel Stuart,1,7.8,47726636.51668302
Melville Shavelson,1,7.2,47726636.51668302
Melvin Van Peebles,1,5.5,15180000.0
Mennan Yapo,1,5.9,47852604.0
Menno Meyjes,1,6.8,7486906.0
Mervyn LeRoy,1,7.2,47726636.51668302
Mic Rodgers,1,4.1,10431220.0
Michael Anderson,1,6.8,25000000.0
Michael Apted,6,6.516666666666667,62283244.333333336
Michael Bay,13,6.638461538461538,171634041.30769232
Michael Burke,1,7.2,47726636.51668302
Michael Caton-Jones,4,5.9,28698915.75
Michael Chapman,1,5.3,1953732.0
Michael Cimino,2,7.5,24613318.25834151
Michael Clancy,1,6.7,70527.0
Michael Cohn,1,6.3,47726636.51668302
Michael Corrente,2,6.4,3845297.5
Michael Crichton,1,7.0,47726636.51668302
Michael Cristofer,1,6.0,16252765.0
Michael Cuesta,2,7.1,1793737.5
Michael Curtiz,3,7.433333333333333,47726636.51668302
Michael D. Sellers,1,5.7,71904.0
Michael Dinner,1,5.6,13019253.0
Michael Dougherty,1,6.2,42592530.0
Michael Dowse,2,6.85,3522255.5
Michael Gornick,1,6.0,14000000.0
Michael Haneke,3,7.3999999999999995,1247554.6666666667
Michael Herz,2,5.65,24259801.25834151
Michael Hoffman,3,6.866666666666667,15812603.666666666
Michael Hoffman Jr.,1,3.5,47726636.51668302
Michael J. Bassett,1,5.0,17529157.0
Michael Jai White,1,5.8,47726636.51668302
Michael Kang,1,6.8,47111.0
Michael Landon Jr.,2,6.550000000000001,316184.5
Michael Lehmann,3,5.633333333333333,32599584.0
Michael Lembeck,2,5.9,73640067.0
Michael Mann,6,7.083333333333333,60622630.0
Michael Martin,1,3.9,10305534.0
Michael Mayer,2,6.5,11013863.0
Michael McCullers,1,6.0,60269340.0
Michael McGowan,1,7.6,795126.0
Michael Meredith,1,5.5,19348.0
Michael Moore,6,7.283333333333334,38941102.752780505
Michael O. Sajbel,2,6.85,8406022.5
Michael Patrick Jann,1,6.5,10561238.0
Michael Patrick King,1,4.3,95328937.0
Michael Polish,5,5.779999999999999,13165871.303336604
Michael Pressman,1,6.0,78656813.0
Michael Radford,2,6.8,25739680.75834151
Michael Ritchie,3,6.2,45221259.505561
Michael Roemer,1,8.1,12438.0
Michael Rymer,2,5.65,22155472.5
Michael Schultz,3,6.8,29202122.17222767
Michael Spierig,1,6.5,29975979.0
Michael Sucsy,1,6.8,125014030.0
Michael Taliferro,1,3.4,47726636.51668302
Michael Tiddes,3,4.433333333333334,23010448.0
Michael Tollin,2,5.9,35985688.0
Michael Wadleigh,1,8.1,13300000.0
Michael Walker,1,4.5,47726636.51668302
Michael Winner,1,4.0,47726636.51668302
Michael Winnick,1,4.2,47726636.51668302
Michael Winterbottom,6,6.183333333333334,9827157.586113837
Michel Gondry,4,6.925000000000001,38942559.75
Michel Hazanavicius,1,8.0,44667095.0
Michel Leclerc,1,7.2,513836.0
Michel Orion Scott,1,7.4,155984.0
Mick Jackson,2,5.75,84709916.0
Mickey Liddell,1,3.8,13350177.0
Miguel Arteta,5,6.42,20831131.6
Miguel Sapochnik,1,6.3,13763130.0
Mikael Håfström,4,6.525,41538679.75
Mikael Salomon,1,5.8,19819494.0
Mike Barker,1,6.7,47726636.51668302
Mike Bigelow,1,4.6,22264487.0
Mike Binder,3,7.0,19997673.666666668
Mike Bruce,1,4.1,243768.0
Mike Cahill,2,7.15,825366.0
Mike Disa,1,4.8,10134754.0
Mike Figgis,2,6.5,16184070.0
Mike Flanagan,2,6.15,37708055.258341506
Mike Gabriel,1,6.6,141600000.0
Mike Hodges,1,6.4,47726636.51668302
Mike Judge,4,6.85,21287223.0
Mike Leigh,5,7.359999999999999,3446448.4
Mike Marvin,1,5.9,3500000.0
Mike Mayhall,1,8.6,47726636.51668302
Mike McCoy,1,6.5,70011073.0
Mike Mills,2,6.9,3550693.5
Mike Mitchell,4,5.675000000000001,125237609.25
Mike Nawrocki,2,6.15,19136615.5
Mike Newell,7,6.8428571428571425,78870397.0
Mike Nichols,6,6.683333333333334,43103406.252780505
Mike van Diem,1,7.8,713413.0
Mikel Rueda,1,7.2,47726636.51668302
Milos Forman,3,8.133333333333333,66060211.666666664
Mimi Leder,3,6.3999999999999995,71741432.66666667
Mira Nair,5,6.68,10102398.8
Miranda July,1,7.4,3885134.0
Mitch Davis,2,5.8,26223503.75834151
Mitchell Altieri,1,8.7,47726636.51668302
Mitchell Lichtenstein,1,5.4,347578.0
Molly Bernstein,1,7.1,151389.0
Mona Fastvold,1,4.9,47726636.51668302
Monte Hellman,1,6.2,47726636.51668302
Mor Loushy,1,7.2,34151.0
Mora Stephens,1,5.7,47726636.51668302
Morgan J. Freeman,2,6.35,216594.0
Morgan Neville,1,7.4,4946250.0
Morgan Spurlock,3,6.0,13680406.0
Mort Nathan,1,4.9,8586376.0
Morten Tyldum,2,7.85,46159102.0
Moustapha Akkad,1,8.4,47726636.51668302
Myles Berkowitz,1,5.3,536767.0
Måns Mårlind,1,6.4,62321039.0
Nacho Vigalondo,1,7.2,38108.0
Nadia Tass,1,7.2,47726636.51668302
Nadine Labaki,1,7.2,1060591.0
Nae Caranfil,1,7.1,47726636.51668302
Nancy Meyers,5,6.76,111719830.0
Nancy Walker,1,4.5,2000000.0
Nanette Burstein,1,6.3,17797316.0
Nat Faxon,1,7.4,21501098.0
Natalie Bible',1,3.2,47726636.51668302
Nate Parker,1,5.4,47726636.51668302
Nathan Frankowski,1,6.6,47726636.51668302
Nathan Greno,1,7.8,200807262.0
Nathan Smith Jones,1,5.7,47726636.51668302
Neal Brennan,1,5.8,15102127.0
Neema Barnette,1,5.3,243347.0
Neil Burger,4,6.975,47722104.5
Neil Jordan,8,6.7625,27003349.625
Neil LaBute,3,6.566666666666666,22429132.666666668
Neil Marshall,3,6.533333333333334,12361207.0
Neil Mcenery-West,1,4.8,47726636.51668302
Neill Blomkamp,3,7.166666666666667,80088540.0
Neill Dela Llana,1,6.3,70071.0
Nelson McCormick,2,4.75,36440360.0
Newt Arnold,1,6.8,11806119.0
Niall Johnson,1,5.6,47726636.51668302
Nicholas Fackler,1,7.3,124720.0
Nicholas Hytner,3,6.533333333333334,16329422.0
Nicholas Jarecki,1,6.6,7918283.0
Nicholas Meyer,2,7.45,76894498.0
Nicholas Ray,1,6.8,47726636.51668302
Nicholas Stoller,5,6.44,71558718.0
Nicholaus Goossen,1,7.0,6088249.0
Nick Cassavetes,4,7.075,51045757.25
Nick Gomez,1,5.6,15427192.0
Nick Hamm,1,4.8,14334645.0
Nick Hurran,1,5.2,20422207.0
Nick Love,2,5.5,23876490.75834151
Nick Murphy,1,6.5,47726636.51668302
Nick Tomnay,1,6.8,48430.0
Nickolas Perry,1,5.2,47726636.51668302
Nicolae Constantin Tanase,1,6.5,47726636.51668302
Nicolas Winding Refn,4,6.9,9317273.25
Nicole Holofcener,5,6.659999999999999,8080269.0
Niels Arden Oplev,2,7.3,29303781.25834151
Nigel Cole,2,6.9,11465291.0
Niki Caro,3,7.433333333333334,27855546.666666668
Nils Gaup,1,6.7,47726636.51668302
Nima Nourizadeh,1,6.7,54724272.0
Nimród Antal,3,6.433333333333334,23803177.0
Nnegest Likké,1,3.0,7059537.0
Noah Baumbach,3,7.033333333333334,6333134.666666667
Noah Buschel,1,6.2,17580.0
Noam Murro,1,6.2,106369117.0
Noel Marshall,1,6.4,2000000.0
Nora Ephron,3,6.166666666666667,73290400.66666667
Norman Ferguson,1,7.5,84300000.0
Norman Jewison,5,6.7,30703117.3033366
Ol Parker,2,7.050000000000001,24198938.25834151
Olatunde Osunsanmi,1,5.9,25464480.0
Ole Bornedal,1,5.9,49122319.0
Ole Christian Madsen,1,7.3,145109.0
Oleg Stepchenko,1,5.4,47726636.51668302
Oliver Blackburn,1,5.2,18378.0
Oliver Hirschbiegel,2,7.1000000000000005,10286727.0
Oliver Parker,4,6.475,20692355.879170753
Oliver Stone,14,6.95,51965667.82262021
Olivier Assayas,2,7.1,2496691.5
Olivier Dahan,1,5.7,47726636.51668302
Olivier Megaton,3,6.233333333333333,88590721.66666667
Oren Moverman,1,7.2,66637.0
Oren Peli,2,5.25,77821959.7583415
Orson Welles,1,7.7,7927.0
Ossie Davis,1,6.6,47726636.51668302
P.J. Hogan,1,6.3,126805112.0
Pan Nalin,2,7.3,23871764.25834151
Panos Cosmatos,1,6.1,56129.0
Paolo Monico,1,5.1,47726636.51668302
Paolo Sorrentino,1,7.7,2835886.0
Pascal Arnold,1,5.8,18435.0
Pascal Chaumeil,1,6.3,47726636.51668302
Pat Holden,1,5.4,47726636.51668302
Pat O'Connor,1,6.7,25178165.0
Patrice Leconte,1,7.3,3058380.0
Patricia Cardoso,2,6.65,26785782.75834151
Patricia Riggen,3,7.033333333333334,28823757.666666668
Patricia Rozema,1,6.7,17655201.0
Patrick Creadon,1,7.4,3117666.0
Patrick Gilles,1,7.5,47726636.51668302
Patrick Gilmore,1,6.7,26288320.0
Patrick Hughes,1,6.1,39292022.0
Patrick Lussier,4,5.4,35740396.62917075
Patrick Meaney,1,7.4,47726636.51668302
Patrick Read Johnson,2,5.6,16020539.0
Patrick Ryan Sims,1,3.6,47726636.51668302
Patrick Stettner,2,6.15,4427078.5
Patrick Tatopoulos,1,6.6,45802315.0
Patty Jenkins,1,7.3,34468224.0
Paul Abascal,1,5.8,15712072.0
Paul Andrew Williams,2,6.6,47726636.51668302
Paul Bartel,1,6.2,47726636.51668302
Paul Bolger,1,4.5,15519841.0
Paul Bunnell,1,5.7,2436.0
Paul Crowder,1,7.3,144431.0
Paul Donovan,1,4.3,47726636.51668302
Paul Feig,4,6.0,115850535.0
Paul Fierlinger,1,6.9,246574.0
Paul Fox,1,6.1,47726636.51668302
Paul Greengrass,7,7.585714285714286,98010408.57142857
Paul Gross,2,6.25,25983201.75834151
Paul Haggis,3,7.5,27488095.0
Paul Hunter,1,5.5,23020488.0
Paul King,1,7.2,76137505.0
Paul Mazursky,1,5.9,2104000.0
Paul McGuigan,3,6.933333333333334,13699709.0
Paul Michael Glaser,1,6.6,38122105.0
Paul Schrader,6,5.683333333333334,24398578.25834151
Paul Thomas Anderson,6,7.516666666666667,21886070.0
Paul Tibbitt,1,6.0,162495848.0
Paul Verhoeven,5,6.56,54404735.8
Paul W.S. Anderson,10,5.99,41343224.1
Paul Weiland,1,5.8,46012734.0
Paul Weitz,6,6.016666666666667,55768137.833333336
Pawel Pawlikowski,2,7.1,2409346.5
Pece Dingo,1,4.5,47726636.51668302
Pedro Almodóvar,1,7.6,12899702.0
Penelope Spheeris,1,7.0,121697350.0
Penny Marshall,4,6.75,69135334.0
Perry Andelin Blake,1,3.3,40363530.0
Perry Lang,1,5.8,47726636.51668302
Pete Docter,3,8.233333333333334,313113780.3333333
Pete Jones,1,6.5,119841.0
Pete Travis,2,6.85,42833994.5
Peter Atencio,1,6.4,20566327.0
Peter Berg,6,6.666666666666667,87173364.5
Peter Billingsley,1,5.5,109176215.0
Peter Care,1,7.1,1779284.0
Peter Cattaneo,4,6.55,13083754.0
Peter Chelsom,5,5.779999999999999,39355909.2
Peter Cousens,1,6.2,47726636.51668302
Peter DeLuise,1,5.9,47726636.51668302
Peter Faiman,1,6.5,174635000.0
Peter Farrelly,1,7.3,127175354.0
Peter Flinth,1,6.6,47726636.51668302
Peter H. Hunt,1,7.6,47726636.51668302
Peter Hastings,1,4.0,16988996.0
Peter Hedges,2,6.85,27106817.0
Peter Hewitt,4,5.3,36848936.0
Peter Ho-Sun Chan,1,7.1,128978.0
Peter Howitt,4,6.225,17167359.0
Peter Hyams,6,5.483333333333333,36985302.752780505
Peter Jackson,11,7.718181818181819,215901638.0909091
Peter Kassovitz,1,6.5,4956401.0
Peter Kosminsky,1,7.2,16346122.0
Peter Landesman,1,7.1,34531832.0
Peter Lepeniotis,1,5.8,64238770.0
Peter Lord,2,6.85,68922520.5
Peter M. Cohen,1,4.4,4142507.0
Peter MacDonald,1,5.7,53715611.0
Peter Medak,1,6.6,3275585.0
Peter R. Hunt,1,6.8,22800000.0
Peter Ramsey,1,7.3,103400692.0
Peter Segal,7,6.185714285714285,90817089.14285715
Peter Sohn,1,6.8,123070338.0
Peter Sollett,3,6.8,11364755.0
Peter Stebbings,1,6.8,37606.0
Peter Webber,2,6.6,19651154.5
Peter Weir,4,7.725,95222465.5
Peter Yates,1,6.0,47726636.51668302
Petter Næss,1,7.6,313436.0
Peyton Reed,4,6.475,116227128.5
Phil Alden Robinson,1,6.4,118471320.0
Phil Claydon,1,5.2,47726636.51668302
Phil Joanou,2,5.800000000000001,43079729.758341506
Phil Lord,4,7.275,178172594.25
Phil Morrison,1,5.6,4556.0
Phil Traill,1,4.8,33860010.0
Philip G. Atwell,1,6.3,22466994.0
Philip Kaufman,2,7.65,14280438.0
Philip Saville,1,7.7,4068087.0
Philip Zlotorynski,1,3.3,47726636.51668302
Phillip Noyce,9,6.766666666666667,57776561.777777776
Phyllida Lloyd,2,6.35,86831823.0
Pierre Coffin,2,7.6,309775640.0
Pierre Morel,4,6.85,45041021.5
Pitof,1,3.3,40198710.0
Piyush Dinker Pandya,1,6.7,902835.0
Pou-Soi Cheang,1,6.0,47726636.51668302
Prachya Pinkaew,1,7.1,11905519.0
Preston A. Whitmore II,2,4.1,28065801.0
Qasim Basir,1,6.7,47726636.51668302
Quentin Dupieux,1,5.8,98017.0
Quentin Tarantino,8,8.2,78017449.25
R. Balki,1,7.2,199228.0
R.J. Cutler,1,6.8,50461335.0
RZA,1,5.4,15608545.0
Rachel Goldenberg,1,2.5,47726636.51668302
Rachel Perkins,1,6.3,110029.0
Rachel Talalay,2,5.050000000000001,19468313.0
Rafa Lara,1,6.2,169379.0
Raja Gosnell,6,4.916666666666667,110527036.66666667
Raja Menon,1,8.5,47726636.51668302
Rajkumar Hirani,1,8.2,47726636.51668302
Rakesh Roshan,1,6.3,47726636.51668302
Rakeysh Omprakash Mehra,1,8.4,2197331.0
Ralph Fiennes,1,6.2,756452.0
Ralph Nelson,1,7.1,47726636.51668302
Ralph Ziman,1,7.8,4958.0
Ramaa Mosley,1,6.4,6643.0
Rand Ravich,1,5.3,10654581.0
Randal Kleiser,3,6.533333333333334,87959932.17222767
Randall Miller,2,6.949999999999999,2187123.0
Randall Rubin,1,6.2,47726636.51668302
Randall Wallace,4,6.625,71534831.75
Randy Moore,1,5.2,169719.0
Rania Attieh,1,6.3,47726636.51668302
Rawson Marshall Thurber,3,6.766666666666667,130260640.0
Ray Griggs,1,5.1,425899.0
Ray Lawrence,1,6.4,399879.0
Raymond De Felitta,1,7.4,6670712.0
Rebecca Miller,1,6.7,712294.0
Reed Cowan,1,7.1,99851.0
Regardt van den Bergh,1,6.9,47726636.51668302
Reginald Hudlin,3,5.266666666666667,33541019.0
Reinhard Klooss,1,4.9,47726636.51668302
Remo,1,6.4,95236.0
Renny Harlin,15,5.746666666666667,34931729.8
René Féret,1,6.4,706622.0
Rian Johnson,2,7.15,34993971.0
Ric Roman Waugh,1,6.5,42919096.0
Rich Christiano,1,5.6,15278.0
Rich Cowan,1,6.5,609042.0
Rich Moore,1,7.8,189412677.0
Richard Attenborough,4,7.6,32567108.379170753
Richard Ayoade,1,7.3,466702.0
Richard Benjamin,3,4.733333333333333,8523554.666666666
Richard Boddington,1,4.7,47726636.51668302
Richard Brooks,4,7.8,47726636.51668302
Richard Curtis,3,7.633333333333333,27551257.666666668
Richard Donner,11,6.754545454545454,66533654.54848783
Richard Dutcher,1,7.2,798341.0
Richard E. Grant,1,6.9,233103.0
Richard Eyre,2,7.25,9400394.5
Richard Fleischer,5,6.540000000000001,36815981.91000982
Richard Glatzer,2,7.3,10173199.5
Richard J. Lewis,1,7.3,7501404.0
Richard Kelly,3,6.3999999999999995,5348993.0
Richard Kwietniowski,2,7.15,1776659.0
Richard LaGravenese,5,6.659999999999999,24549686.6
Richard Lester,5,6.6,52833655.6066732
Richard Linklater,11,7.327272727272727,14664905.727272727
Richard Loncraine,3,6.533333333333334,22725551.666666668
Richard Marquand,1,8.4,309125409.0
Richard Montoya,1,6.3,79043.0
Richard Raymond,1,6.0,143653.0
Richard Rich,1,6.0,47726636.51668302
Richard Schenkman,2,6.4,47726636.51668302
Richard Shepard,3,6.633333333333333,4655082.333333333
Richard Wallace,1,6.2,47726636.51668302
Richard Williams,1,7.2,669276.0
Rick Bieber,1,5.7,399611.0
Rick Famuyiwa,4,6.4,22532852.25
Rick Friedberg,1,5.3,26906039.0
Rick Rosenthal,1,4.1,30259652.0
Rick de Oliveira,1,2.7,3713002.0
Ricki Stern,1,7.7,1111.0
Ricky Gervais,1,6.4,18439082.0
Ridley Scott,17,7.070588235294117,78692452.23529412
Ringo Lam,1,5.4,14095303.0
Risa Bramon Garcia,1,5.9,6851636.0
Rita Merson,1,5.3,47726636.51668302
Ritesh Batra,1,7.8,4231500.0
Rob Bowman,4,6.05,38552786.75
Rob Cohen,9,5.577777777777778,66672941.88888889
Rob Hawk,1,5.0,47726636.51668302
Rob Hedden,1,4.5,14343976.0
Rob Letterman,3,5.933333333333334,107043375.66666667
Rob Marshall,5,6.6,123286001.2
Rob McKittrick,1,6.8,16101109.0
Rob Minkoff,5,5.94,83423053.4
Rob Pritts,1,4.6,23978402.0
Rob Reiner,11,7.0181818181818185,49727030.27272727
Rob Schmidt,1,6.1,15417771.0
Rob Zombie,4,5.725,16008568.0
Robby Henson,1,5.1,978908.0
Robert Adetuyi,1,4.5,47726636.51668302
Robert Altman,3,6.8,20977080.333333332
Robert B. Weide,1,6.5,2775593.0
Robert Ben Garant,1,5.9,20339754.0
Robert Bennett,1,2.8,47726636.51668302
Robert Butler,1,4.7,11466088.0
Robert C. Cooper,1,7.4,47726636.51668302
Robert Cary,1,6.5,220234.0
Robert D. Webb,1,6.2,47726636.51668302
Robert Duvall,1,7.2,20733485.0
Robert Eggers,1,6.8,25138292.0
Robert Fontaine,1,7.2,3330.0
Robert Greenwald,2,7.25,47726636.51668302
Robert Hall,1,5.2,47726636.51668302
Robert Harmon,2,5.15,17441330.0
Robert Heath,1,5.6,47726636.51668302
Robert Iscove,3,4.3999999999999995,29623015.666666668
Robert Kenner,1,7.9,4417124.0
Robert Lee King,1,6.3,265107.0
Robert Lorenz,1,6.8,35754555.0
Robert Luketic,6,6.0,68662076.5
Robert M. Young,1,7.1,47726636.51668302
Robert Marcarelli,1,3.5,12610552.0
Robert Moresco,1,6.4,53481.0
Robert Mulligan,1,8.4,47726636.51668302
Robert Redford,5,6.840000000000001,37480452.8
Robert Rodriguez,13,5.6923076923076925,45406442.384615384
Robert Rossen,1,8.0,47726636.51668302
Robert Sarkies,1,7.3,728.0
Robert Schwentke,6,6.3500000000000005,78844291.33333333
Robert Stevenson,1,7.8,102300000.0
Robert Stromberg,1,7.0,241407328.0
Robert Towne,1,7.2,777423.0
Robert Townsend,1,7.0,5228617.0
Robert Wise,3,7.2,97746974.17222768
Robert Zemeckis,13,7.3076923076923075,124562239.07692307
Robin Budd,1,5.8,48423368.0
Robinson Devor,1,7.3,110720.0
Rod Lurie,5,6.6,9930159.8
Rodman Flender,1,6.2,4002955.0
Rodrigo Cortés,2,6.6,24377647.25834151
Rodrigo García,2,6.95,2062413.5
Roger Allers,2,7.35,253543667.5
Roger Avary,2,6.6,3472357.5
Roger Christian,1,2.4,21471685.0
Roger Donaldson,7,6.771428571428571,32931217.285714287
Roger Kumble,3,5.266666666666667,26742807.666666668
Roger Michell,3,6.666666666666667,71263290.66666667
Roger Nygard,1,7.0,617172.0
Roger Spottiswoode,4,6.3,52157523.37917075
Roger Vadim,1,5.9,47726636.51668302
Rohan Sippy,1,6.2,563699.0
Rohit Jagessar,1,7.4,227241.0
Rohit Jugraj,1,6.6,47726636.51668302
Roland Emmerich,8,6.1875,119046932.75
Roland Joffé,4,5.0,26730416.25834151
Roland Suso Richter,1,6.1,47726636.51668302
Roman Polanski,6,7.416666666666667,27356132.67222767
Romesh Sharma,1,5.1,129319.0
Ron Clements,3,7.3999999999999995,119948293.33333333
Ron Fricke,1,8.5,2601847.0
Ron Howard,13,6.93076923076923,104837830.84615384
Ron Maxwell,2,7.0,11820264.5
Ron Shelton,4,5.9,25338681.5
Ron Underwood,3,5.5,23902065.0
Ronald Neame,1,4.9,47726636.51668302
Ronan Chapalain,1,6.9,4074023.0
Ronny Yu,4,5.5,31546275.25
Rowan Joffe,2,6.0,25344824.25834151
Rowdy Herrington,2,6.6,16372049.5
Ruairi Robinson,1,5.5,23838.0
Ruba Nadda,1,5.2,4063.0
Ruben Fleischer,3,6.833333333333333,52880309.333333336
Ruggero Deodato,1,4.8,800000.0
Rupert Sanders,1,6.1,155111815.0
Rupert Wainwright,1,6.2,50041732.0
Rupert Wyatt,2,6.8,105185935.5
Russ Meyer,1,6.2,9000000.0
Russell Crowe,1,7.1,4190530.0
Russell Friedenberg,1,3.6,47726636.51668302
Russell Holt,1,6.9,3347439.0
Russell Mulcahy,4,6.275,34082640.87917075
Rusty Cundieff,1,6.1,11797927.0
Ryan Coogler,2,7.6,62905363.5
Ryan Fleck,1,7.2,2694973.0
Ryan Little,1,6.8,1310270.0
Ryan Murphy,2,5.95,43664454.0
Ryan Smith,1,5.4,47726636.51668302
Ryûhei Kitamura,1,6.1,73548.0
S.R. Bindler,1,4.7,36497.0
S.S. Rajamouli,1,8.4,6498000.0
Sacha Bennett,1,4.8,47726636.51668302
Sadyk Sher-Niyaz,1,8.7,47726636.51668302
Sai Varadan,1,7.2,47726636.51668302
Sajid Khan,1,5.3,1165104.0
Salim Akil,2,5.7,30846431.5
Sally Potter,1,6.9,396035.0
Salvador Carrasco,1,6.8,886410.0
Sam Fell,1,6.1,50818750.0
Sam Firstenberg,1,4.7,4000000.0
Sam Levinson,1,6.0,47726636.51668302
Sam Martin,1,7.8,47726636.51668302
Sam Mendes,7,7.457142857142857,119071907.0
Sam Miller,2,5.75,26303995.5
Sam Peckinpah,4,7.375,35798695.63751227
Sam Raimi,11,7.0181818181818185,138712950.50151664
Sam Taylor-Johnson,2,5.65,83796625.5
Sam Weisman,4,5.45,47157207.25
Sammo Kam-Bo Hung,1,6.2,12674183.0
Sanaa Hamri,2,6.0,32804053.0
Sanjay Rawal,1,7.1,47726636.51668302
Sara Newens,1,7.1,5858.0
Sara Sugarman,1,4.6,29302097.0
Sarah Gavron,1,6.7,1094998.0
Sarah Smith,1,7.1,46440491.0
Sarik Andreasyan,1,5.2,47726636.51668302
Saul Dibb,1,6.9,13823741.0
Scandar Copti,1,7.4,621240.0
Scott Alexander,1,5.7,6982680.0
Scott Cooper,3,7.033333333333334,37784272.333333336
Scott Derrickson,4,6.3,58254186.75
Scott Dow,1,3.4,47726636.51668302
Scott Foley,1,5.4,47726636.51668302
Scott Frank,1,6.5,25977365.0
Scott Hicks,5,6.840000000000001,35583306.4
Scott Kalvert,1,5.6,6044618.0
Scott Mann,1,6.1,47726636.51668302
Scott Marshall,2,4.65,2166927.5
Scott Smith,1,7.7,47726636.51668302
Scott Speer,1,6.5,35057332.0
Scott Stewart,2,5.45,34652353.0
Scott Walker,1,6.4,47726636.51668302
Scott Waugh,1,6.5,43568507.0
Scott Ziehl,1,6.6,13493.0
Sean Anders,4,6.125,62514475.5
Sean Byrne,1,6.7,47726636.51668302
Sean Durkin,1,6.9,2981638.0
Sean McNamara,2,6.5,27132702.0
Sean Penn,2,7.5,19036192.0
Serdar Akar,1,6.0,47726636.51668302
Sergey Bodrov,3,6.266666666666667,7651924.666666667
Sergey Bondarchuk,1,7.3,47726636.51668302
Sergio Leone,4,8.475,15656659.129170755
Seth Gordon,3,6.066666666666666,124039956.0
Seth MacFarlane,3,6.5,114167288.33333333
Shana Feste,3,6.433333333333334,14576182.666666666
Shane Acker,1,7.1,31743332.0
Shane Black,2,7.4,206614054.5
Shane Carruth,1,7.0,424760.0
Shane Dawson,1,5.1,35688.0
Shane Meadows,4,7.55,12019750.629170755
Shari Springer Berman,2,6.7,3228333.0
Sharon Greytak,1,8.1,47726636.51668302
Sharon Maguire,1,6.7,71500556.0
Sharron Miller,1,4.1,47726636.51668302
Shawn Levy,11,6.090909090909091,102704635.27272727
Shekar,1,7.1,47726636.51668302
Shekhar Kapur,3,6.966666666666666,21527877.0
Sheldon Lettich,2,6.1,16688152.5
Sherman Alexie,1,6.9,174682.0
Shimit Amin,1,7.5,47726636.51668302
Shinji Aramaki,1,6.5,47726636.51668302
Shintaro Shimosawa,1,5.3,47726636.51668302
Shona Auerbach,1,7.8,1340891.0
Shyam Madiraju,1,4.8,47726636.51668302
Siddharth Anand,1,5.4,872643.0
Siddiq Barmak,1,7.4,1127331.0
Sidney J. Furie,1,3.6,15681020.0
Sidney Lumet,6,7.183333333333334,27294649.17222767
Simeon Rice,1,5.5,47726636.51668302
Simon Curtis,2,7.15,23951221.0
Simon Napier-Bell,1,7.4,47726636.51668302
Simon Wells,2,5.65,39032067.0
Simon West,8,6.025,68101299.68958537
Simon Wincer,4,5.625,17934709.75
Simon Yin,1,3.9,13220.0
Sngmoo Lee,1,6.3,5664251.0
Sofia Coppola,4,6.925,16789091.5
Sol Tryon,1,6.5,12055.0
Spencer Susser,1,7.1,382946.0
Spike Jonze,4,7.575,36970759.0
Spike Lee,16,6.56875,23514191.46979269
Stacy Peralta,2,7.800000000000001,1784831.5
Stanley Donen,1,8.3,47726636.51668302
Stanley Kramer,2,7.95,47013318.258341506
Stanley Kubrick,7,8.0,50140890.51191644
Stanley Tong,1,6.7,32333860.0
Stanton Barrett,1,3.4,47726636.51668302
Stefan C. Schaefer,1,5.7,47726636.51668302
Stefan Ruzowitzky,3,5.633333333333333,31417.333333333332
Stefan Schwartz,1,6.6,302204.0
Stefen Fangmeier,1,5.1,75030163.0
Stephan Elliott,2,5.800000000000001,9557664.0
Stephen Carpenter,1,3.9,3100650.0
Stephen Chbosky,1,8.0,17738570.0
Stephen Chow,3,7.2,5933406.333333333
Stephen Daldry,5,7.4,25924134.0
Stephen Frears,10,7.07,27902997.8033366
Stephen Gaghan,2,5.95,30767327.5
Stephen Herek,8,6.125,35514604.06458538
Stephen Hillenburg,1,7.0,85416609.0
Stephen Hopkins,6,6.0,34118334.5
Stephen J. Anderson,1,7.3,26687172.0
Stephen Kay,3,5.0,20447712.0
Stephen Kijak,1,7.3,47726636.51668302
Stephen Langford,1,3.2,47726636.51668302
Stephen Milburn Anderson,1,6.0,46451.0
Stephen Norrington,2,6.449999999999999,68231832.5
Stephen Sommers,4,6.075,96856318.25
Sterling Van Wagenen,1,6.6,2024854.0
Stevan Mena,1,5.1,47726636.51668302
Steve Antin,1,6.4,39440655.0
Steve Barron,1,5.3,15091542.0
Steve Beck,2,5.5,35973638.0
Steve Bendelack,1,6.3,32553210.0
Steve Box,1,7.5,56068547.0
Steve Boyum,2,3.95,3705141.0
Steve Buscemi,2,6.9,424653.0
Steve Carr,4,5.35,73773803.25
Steve Carver,1,6.3,12200000.0
Steve Gomer,1,2.8,11144518.0
Steve Hickner,1,6.2,126597121.0
Steve James,2,7.550000000000001,4181400.5
Steve Martino,2,6.9,145746160.0
Steve McQueen,2,7.699999999999999,30334087.0
Steve Miner,5,5.76,19357239.8
Steve Oedekerk,4,6.2,60362731.75
Steve Pink,3,5.866666666666667,37044660.0
Steve Rash,2,5.25,6596407.0
Steve Taylor,1,6.0,594904.0
Steve Trenbirth,1,5.4,47887943.0
Steven Brill,4,5.675,64164066.5
Steven E. de Souza,1,3.8,33423521.0
Steven Quale,2,5.85,45064615.0
Steven R. Monroe,1,6.3,92401.0
Steven Seagal,1,4.4,38590500.0
Steven Shainberg,2,6.8,2133825.5
Steven Soderbergh,15,6.680000000000001,67905015.06666666
Steven Spielberg,26,7.480769230769231,160075374.51987243
Steven Zaillian,2,6.35,31962179.5
Stewart Hendler,1,5.1,11956207.0
Stewart Raffill,2,4.55,24129221.25834151
Stig Bergqvist,1,6.1,76501438.0
Stiles White,1,4.4,50820940.0
Stuart Baird,2,6.4,55934939.5
Stuart Beattie,1,5.1,19059018.0
Stuart Gillard,1,4.8,42660000.0
Stuart Gordon,2,6.1,3435379.0
Stuart Hazeldine,1,6.9,47726636.51668302
Stéphane Aubier,1,7.9,71442.0
Sue Corcoran,1,4.7,11798.0
Susan Seidelman,1,6.5,3123749.0
Susan Stroman,1,6.4,19377727.0
Susanna White,2,6.25,16051833.0
Susanne Bier,1,7.2,2849142.0
Sut Jhally,1,8.3,47726636.51668302
Sydney Pollack,5,6.58,105243736.8
Sylvain Chomet,1,7.8,7002255.0
Sylvain White,2,5.800000000000001,42442088.0
Sylvester Stallone,2,6.85,86625371.0
Sylvio Tabet,1,3.8,869325.0
Tadeo Garcia,1,6.1,47726636.51668302
Taedong Park,1,4.8,47726636.51668302
Takao Okawara,1,6.0,10037390.0
Takashi Shimizu,2,5.45,74659855.0
Takashi Yamazaki,1,6.1,47726636.51668302
Takeshi Kitano,1,7.2,447750.0
Tamara Jenkins,2,6.9,6045322.0
Tamra Davis,2,5.0,27233823.5
Tanner Beard,1,4.4,47726636.51668302
Tara Subkoff,1,3.3,47726636.51668302
Tarsem Singh,4,6.125,55498651.0
Tate Taylor,2,7.5,100109763.5
Tay Garnett,1,7.5,47726636.51668302
Taylor Hackford,6,6.883333333333333,31855070.5
Ted Demme,1,7.6,52937130.0
Ted Kotcheff,1,7.7,47726636.51668302
Ted Post,2,6.55,47726636.51668302
Teddy Chan,2,6.7,23927875.75834151
Terence Davies,1,7.1,3041803.0
Terence Young,4,6.125,38048417.87917075
Terrence Malick,4,7.25,27531952.879170753
Terron R. Parsons,1,3.4,47726636.51668302
Terry George,1,8.1,23472900.0
Terry Gilliam,7,7.328571428571428,21652967.285714287
Terry Zwigoff,2,7.25,33129197.5
Thaddeus O'Sullivan,1,6.7,196067.0
Thea Sharrock,1,7.6,56154094.0
Theodore Melfi,1,7.3,44134898.0
Theodore Witcher,1,7.4,12514138.0
Thomas Bezucha,2,6.05,14620531.0
Thomas Carter,3,6.666666666666667,62806443.666666664
Thomas L. Phillips,1,5.4,47726636.51668302
Thomas Lilti,1,7.2,47726636.51668302
Thomas Vinterberg,3,7.666666666666667,760618.0
Thor Freudenthal,3,5.833333333333333,68527744.66666667
Thorbjørn Christoffersen,1,5.7,47726636.51668302
Ti West,2,5.95,89080.0
Tim Blake Nelson,1,6.2,16017403.0
Tim Boxell,1,6.6,118666.0
Tim Burton,14,7.05,111219895.28571428
Tim Chambers,1,6.5,1889522.0
Tim Fywell,1,6.0,24381334.0
Tim Heidecker,1,5.3,200803.0
Tim Hill,5,5.4399999999999995,77469214.6
Tim Hunter,1,7.1,4600000.0
Tim Johnson,2,6.75,166181507.5
Tim McCanlies,2,7.199999999999999,20986531.0
Tim Miller,1,8.1,363024263.0
Tim Robbins,2,7.25,20962485.0
Tim Story,6,6.05,98116871.66666667
Timothy Björklund,1,5.8,6491350.0
Timothy Hines,1,7.5,14616.0
Timothy Woodward Jr.,1,3.1,47726636.51668302
Timur Bekmambetov,6,6.216666666666666,52792040.75834151
Tina Gordon Chism,1,5.3,9123834.0
Tobe Hooper,5,6.4,33619234.303336605
Tod Williams,1,5.7,84749884.0
Todd Field,2,7.55,20689126.5
Todd Graff,2,6.050000000000001,18062755.0
Todd Haynes,3,7.133333333333333,6966532.0
Todd Lincoln,1,4.1,4930798.0
Todd Phillips,7,6.6571428571428575,125908004.28571428
Todd Solondz,3,7.266666666666667,2683273.6666666665
Todd Strauss-Schulson,1,6.3,35033759.0
Tom Brady,1,3.3,2331318.0
Tom Dey,3,5.466666666666666,59744646.0
Tom DiCillo,1,5.8,47726636.51668302
Tom Elkins,1,5.3,47726636.51668302
Tom Ford,1,7.6,9166863.0
Tom Gormican,1,6.1,26049082.0
Tom Green,1,4.5,14249005.0
Tom Hanks,2,6.5,30687894.0
Tom Holland,2,6.1,24208079.5
Tom Hooper,3,7.733333333333333,96006786.66666667
Tom Kalin,1,5.9,434417.0
Tom McCarthy,2,7.9,25363778.0
Tom McGrath,1,7.3,148337537.0
Tom McLoughlin,1,5.9,19472057.0
Tom Putnam,1,7.5,111300.0
Tom Reeve,1,5.7,47726636.51668302
Tom Sanchez,1,7.2,3830.0
Tom Schulman,1,5.3,3559990.0
Tom Seidman,1,6.2,47726636.51668302
Tom Shadyac,7,6.314285714285715,127191395.42857143
Tom Tykwer,5,7.220000000000001,12417028.8
Tom Vaughan,2,6.3,46065803.0
Tom Walsh,1,4.8,47726636.51668302
Tomas Alfredson,1,7.1,24104113.0
Tomm Moore,1,7.7,686383.0
Tommy Lee Jones,2,7.05,3726079.0
Tommy Lee Wallace,1,4.6,14400000.0
Tommy O'Haver,2,6.05,17236968.0
Tommy Oliver,1,7.1,47726636.51668302
Tommy Wirkola,2,6.25,27861889.5
Tony Bancroft,1,7.5,120618403.0
Tony Bill,1,6.6,13082288.0
Tony Giglio,1,5.3,47726636.51668302
Tony Gilroy,3,6.733333333333333,67583511.33333333
Tony Goldwyn,2,6.35,16040010.0
Tony Jaa,1,6.2,102055.0
Tony Kaye,3,8.033333333333333,18154228.172227673
Tony Krantz,1,5.3,47726636.51668302
Tony Maylam,1,6.2,5430822.0
Tony Richardson,2,6.4,26413318.25834151
Tony Scott,12,6.791666666666667,73496139.41666667
Tran Anh Hung,1,5.5,47726636.51668302
Travis Cluff,1,4.2,22757819.0
Travis Legge,2,3.25,47726636.51668302
Travis Romero,1,3.9,47726636.51668302
Travis Zariwny,1,3.7,47726636.51668302
Trent Cooper,1,3.1,15655665.0
Trey Parker,3,7.066666666666666,28455048.666666668
Troy Duffy,2,7.1,28997971.75834151
Troy Miller,1,3.4,26096584.0
Troy Nixey,1,5.6,24042490.0
Tuck Tucker,1,5.9,13684949.0
Tung-Shing Yee,1,7.1,47726636.51668302
Tyler Oliver,1,5.2,47726636.51668302
Tyler Perry,9,4.9,56839458.0
U. Roberto Romano,1,7.2,2245.0
Udayan Prasad,1,6.8,317040.0
Uli Edel,2,6.550000000000001,7016129.0
Ulu Grosbard,1,6.3,13376506.0
Uwe Boll,5,3.72,21334209.00667321
Vadim Perelman,2,7.0,6654462.0
Valentine,1,5.1,47726636.51668302
Valeri Milev,1,5.1,47726636.51668302
Vera Farmiga,1,6.3,841206.0
Vic Armstrong,1,3.1,13998282.0
Vic Sarin,2,7.1,47726636.51668302
Vicente Amorim,1,6.2,23091.0
Vicky Jenson,1,5.3,6373693.0
Vicky Jewson,1,4.4,47726636.51668302
Victor Fleming,3,7.766666666666666,89528175.50556101
Victor Nunez,2,7.15,5028086.5
Victor Salva,3,6.333333333333333,24556334.333333332
Vidhu Vinod Chopra,1,5.7,47726636.51668302
Vijay Chandar,1,5.1,47726636.51668302
Vincent Gallo,2,6.25,1365832.5
Vincent Paronnaud,1,8.0,4443403.0
Vincent Ward,1,7.0,55350897.0
Vincente Minnelli,1,7.1,2956000.0
Vincenzo Natali,4,6.55,28235384.75834151
Vipul Amrutlal Shah,1,7.3,1207007.0
Vivek Agnihotri,1,4.8,49000.0
Vladlen Barbe,1,5.3,47726636.51668302
Vondie Curtis-Hall,1,2.1,4273372.0
W.D. Hogan,1,3.4,47726636.51668302
Wade Gasque,1,6.8,47726636.51668302
Wajahat Rauf,1,7.0,47726636.51668302
Wallace Wolodarsky,1,5.4,10198766.0
Wally Pfister,1,6.3,23014504.0
Walt Becker,4,5.675000000000001,81144444.0
Walter Hill,4,5.925,20956988.379170753
Walter Lang,2,6.8,47726636.51668302
Walter Murch,1,6.7,47726636.51668302
Walter Salles,3,6.566666666666666,10595382.666666666
Ward Roberts,1,6.5,47726636.51668302
Warren Beatty,3,6.8,59330398.83889434
Warren P. Sonoda,1,4.7,123777.0
Warren Sheppard,1,4.0,47726636.51668302
Wayne Beach,1,5.9,1181197.0
Wayne Kramer,2,7.2,7549508.5
Wayne Thornley,1,5.8,47726636.51668302
Wayne Wang,5,6.0200000000000005,36964195.2
Werner Herzog,2,7.0,3591165.5
Wes Anderson,7,7.628571428571428,31439603.285714287
Wes Ball,2,6.6,92050596.5
Wes Craven,10,5.970000000000001,48793730.5
Whit Stillman,2,6.6,1972871.5
Wil Shriner,1,5.6,8080116.0
Will Canon,1,5.3,47726636.51668302
Will Finn,2,5.5,29243671.5
Will Gluck,3,6.3,66705160.0
Willard Huyck,1,4.6,16295774.0
William A. Fraker,1,5.0,8000000.0
William A. Graham,1,5.1,2807854.0
William Arntz,1,5.4,10941801.0
William Bindley,1,6.5,508867.0
William Brent Bell,3,5.1000000000000005,37372505.0
William Cottrell,1,7.7,184925485.0
William Dear,2,5.6,615216.0
William Eubank,1,6.1,47726636.51668302
William Friedkin,6,6.883333333333333,57673277.17222767
William Gazecki,2,7.1,47726636.51668302
William H. Macy,1,7.5,37440.0
William Kaufman,2,5.300000000000001,47726636.51668302
William Malone,2,4.449999999999999,27027052.5
William Phillips,1,6.5,47726636.51668302
William Sachs,1,3.4,47726636.51668302
William Shatner,1,5.4,55210049.0
William Wyler,1,8.1,23650000.0
Wilson Yip,1,7.2,2126511.0
Wolfgang Becker,1,7.7,4063859.0
Wolfgang Petersen,7,6.857142857142857,96586621.78809758
Woo-Suk Kang,1,7.2,47726636.51668302
Woody Allen,22,7.009090909090909,20523879.661365867
Wych Kaosayananda,1,3.6,14294842.0
Xavier Beauvois,1,7.2,3950029.0
Xavier Gens,2,6.05,19854764.0
Yarrow Cheney,1,6.8,323505540.0
Yash Chopra,2,7.4,2984638.5
Yimou Zhang,6,7.183333333333334,3044830.5
Yorgos Lanthimos,1,7.3,110197.0
Youssef Delara,2,5.45,25280009.75834151
Yuefeng Song,1,6.4,47726636.51668302
Zach Braff,2,7.15,15185077.5
Zach Cregger,1,5.1,4542775.0
Zack Snyder,7,7.142857142857143,155758173.85714287
Zack Ward,1,4.0,47726636.51668302
Zackary Adler,1,5.0,47726636.51668302
Zak Penn,1,6.6,36830.0
Zal Batmanglij,2,6.800000000000001,1336955.0
Zoran Lisinac,1,7.1,47726636.51668302
Álex de la Iglesia,1,6.1,3607.0
Émile Gaudreault,1,6.7,6239558.0
Éric Tessier,1,6.6,47726636.51668302
Étienne Faure,1,4.3,47726636.51668302
