id,title,release_date,genres,original_language,original_title,imdb_id,vote_count,revenue,runtime,adult,budget,popularity,release_year,log_budget,log_gross,gross_to_budget_ratio,genre_Action,genre_Adventure,genre_Animation,genre_Comedy,genre_Crime,genre_Documentary,genre_Drama,genre_Family,genre_Fantasy,genre_History,genre_Horror,genre_Music,genre_Mystery,genre_Romance,genre_Science Fiction,genre_TV Movie,genre_Thriller,genre_War,genre_Western,vote_average
19,Metropolis,1927-02-06,Drama|Science Fiction,de,Metropolis,tt0017136,2430,650422,149,False,1300000,22.817,1927,14.077875591662238,13.385378199444116,0.5003246153846154,0,0,0,0,0,0,1,0,0,0,0,0,0,0,1,0,0,0,0,8.153
901,City Lights,1931-02-01,Comedy|Romance|Drama,en,City Lights,tt0021749,1957,4250000,87,False,1500000,14.114,1931,14.220976332738882,15.26242977619469,2.8333333333333335,0,0,0,1,0,0,1,0,0,0,0,0,0,1,0,0,0,0,0,8.306
10098,The Kid,1921-01-21,Comedy|Drama,en,The Kid,tt0012349,1874,2500000,68,False,250000,11.172,1921,12.429220196836383,14.731801689838349,10.0,0,0,0,1,0,0,1,0,0,0,0,0,0,0,0,0,0,0,0,8.195
775,A Trip to the Moon,1902-04-17,Adventure|Science Fiction,fr,Le Voyage dans la Lune,tt0000417,1580,0,15,False,5985,17.886,1902,8.697178688412643,0.0,0.0,0,1,0,0,0,0,0,0,0,0,0,0,0,0,1,0,0,0,0,7.9
962,The Gold Rush,1925-07-12,Adventure|Comedy|Drama,en,The Gold Rush,tt0015864,1430,4000000,95,False,923000,14.354,1925,13.73538559690802,15.201805169084134,4.333694474539545,0,1,0,1,0,0,1,0,0,0,0,0,0,0,0,0,0,0,0,8.025
3035,Frankenstein,1931-11-21,Drama|Horror|Science Fiction,en,Frankenstein,tt0021884,1385,12000000,70,False,291000,25.884,1931,12.581081982573842,16.300417291085605,41.23711340206186,0,0,0,0,0,0,1,0,0,0,1,0,0,0,1,0,0,0,0,7.5
234,The Cabinet of Dr. Caligari,1920-02-27,Drama|Horror|Thriller|Crime,de,Das Cabinet des Dr. Caligari,tt0010323,1373,8811,78,False,18000,13.887,1920,9.798182590890704,9.083869707922235,0.4895,0,0,0,0,1,0,1,0,0,0,1,0,0,0,0,0,1,0,0,8.0
244,King Kong,1933-03-15,Adventure|Fantasy|Horror,en,King Kong,tt0024216,1331,10000000,104,False,672000,21.668,1933,13.418015107599418,16.118095750958314,14.880952380952381,0,1,0,0,0,0,0,0,1,0,1,0,0,0,0,0,0,0,0,7.61
961,The General,1926-12-25,Comedy|War|Adventure|Action,en,The General,tt0017925,1085,1000000,79,False,750000,13.777,1926,13.527829818844937,13.815511557963774,1.3333333333333333,1,1,0,1,0,0,0,0,0,0,0,0,0,0,0,0,0,1,0,7.982
136,Freaks,1932-02-12,Drama|Horror,en,Freaks,tt0022913,1067,0,66,False,310607,22.973,1932,12.646286945965157,0.0,0.0,0,0,0,0,0,0,1,0,0,0,1,0,0,0,0,0,0,0,0,7.825
138,Dracula,1931-02-12,Horror|Drama|Fantasy,en,Dracula,tt0021814,1052,700000,74,False,355000,22.098,1931,12.779875885354993,13.45883704259595,1.971830985915493,0,0,0,0,0,0,1,0,1,0,1,0,0,0,0,0,0,0,0,7.181
10787,The Invisible Man,1933-11-03,Horror|Science Fiction,en,The Invisible Man,tt0024184,731,0,71,False,328000,17.645,1933,12.700771936142122,0.0,0.0,0,0,0,0,0,0,0,0,0,0,1,0,0,0,1,0,0,0,0,7.518
28978,The Circus,1928-01-06,Comedy|Romance,en,The Circus,tt0018773,706,0,72,False,9000000,10.148,1928,16.012735246411598,0.0,0.0,0,0,0,1,0,0,0,0,0,0,0,0,0,1,0,0,0,0,0,8.005
143,All Quiet on the Western Front,1930-04-29,Drama|War,en,All Quiet on the Western Front,tt0020629,696,3270000,134,False,1448864,16.367,1930,14.186291049260577,15.000300848683787,2.256940610022749,0,0,0,0,0,0,1,0,0,0,0,0,0,0,0,0,0,1,0,7.756
5698,The Great Train Robbery,1903-12-07,Crime|Action|Western,en,The Great Train Robbery,tt0000439,547,0,12,False,150,10.511,1903,5.017279836814924,0.0,0.0,1,0,0,0,1,0,0,0,0,0,0,0,0,0,0,0,0,0,1,7.0
15849,The Mummy,1932-01-01,Horror|Drama|Fantasy,en,The Mummy,tt0023245,545,0,73,False,196000,13.381,1932,12.185875040240456,0.0,0.0,0,0,0,0,0,0,1,0,1,0,1,0,0,0,0,0,0,0,0,6.819
618,The Birth of a Nation,1915-02-08,Drama|History|War,en,The Birth of a Nation,tt0004972,482,11000000,193,False,100000,13.791,1915,11.51293546492023,16.213405921671733,110.0,0,0,0,0,0,0,1,0,0,1,0,0,0,0,0,0,0,1,0,6.034
53565,Steamboat Willie,1928-11-18,Animation|Music|Comedy|Family,en,Steamboat Willie,tt0019422,461,0,7,False,4986,14.667,1928,8.514589805546123,0.0,0.0,0,0,1,1,0,0,0,1,0,0,0,1,0,0,0,0,0,0,0,7.298
22596,Safety Last!,1923-04-01,Comedy|Romance|Thriller,en,Safety Last!,tt0014429,436,1500000,74,False,121000,11.505,1923,11.703554089007538,14.220976332738882,12.396694214876034,0,0,0,1,0,0,0,0,0,0,0,0,0,1,0,0,1,0,0,7.849
34463,Three Little Pigs,1933-05-27,Music|Animation|Comedy|Family,en,Three Little Pigs,tt0024660,348,0,8,False,15719,10.644,1933,9.662689065983198,0.0,0.0,0,0,1,1,0,0,0,1,0,0,0,1,0,0,0,0,0,0,0,6.8
57283,Häxan,1922-09-18,Documentary|Horror|History,sv,Häxan,tt0013257,320,0,105,False,220000,12.817,1922,12.301387370778713,0.0,0.0,0,0,0,0,0,1,0,0,0,1,1,0,0,0,0,0,0,0,0,7.613
17687,The Public Enemy,1931-04-23,Crime|Drama,en,The Public Enemy,tt0022286,304,557000,83,False,151000,13.099,1931,11.92504173829169,13.230322314239945,3.6887417218543046,0,0,0,0,1,0,1,0,0,0,0,0,0,0,0,0,0,0,0,7.25
3059,Intolerance: Love's Struggle Throughout the Ages,1916-09-04,Drama|History,en,Intolerance: Love's Struggle Throughout the Ages,tt0006864,302,1750000,197,False,385907,10.04,1916,12.863354278070094,14.375126917328105,4.5347713309165165,0,0,0,0,0,0,1,0,0,1,0,0,0,0,0,0,0,0,0,7.118
33680,Grand Hotel,1932-05-25,Drama|Romance,en,Grand Hotel,tt0022958,278,2594000,112,False,700000,11.747,1932,13.45883704259595,14.768712029363464,3.7057142857142855,0,0,0,0,0,0,1,0,0,0,0,0,0,1,0,0,0,0,0,6.948
669,Nanook of the North,1922-06-11,Documentary,en,Nanook of the North,tt0013427,269,0,79,False,53000,11.341,1922,10.87806606028079,0.0,0.0,0,0,0,0,0,1,0,0,0,0,0,0,0,0,0,0,0,0,0,7.1
28966,Wings,1927-08-12,Drama|Action|War|Romance,en,Wings,tt0018578,241,3600000,141,False,2000000,10.817,1927,14.508658238524095,15.096444681204078,1.8,1,0,0,0,0,0,1,0,0,0,0,0,0,1,0,0,0,1,0,7.205
3019,Dr. Jekyll and Mr. Hyde,1931-12-24,Horror|Science Fiction|Drama,en,Dr. Jekyll and Mr. Hyde,tt0022835,240,1300000,98,False,535000,10.98,1931,13.190023895035274,14.077875591662238,2.4299065420560746,0,0,0,0,0,0,1,0,0,0,1,0,0,0,1,0,0,0,0,7.3
27899,Little Caesar,1931-01-25,Drama|Crime,en,Little Caesar,tt0021079,239,752000,79,False,281000,8.433,1931,12.546113507028412,13.530492932718326,2.676156583629893,0,0,0,0,1,0,1,0,0,0,0,0,0,0,0,0,0,0,0,6.931
1994,The Most Dangerous Game,1932-09-16,Action|Adventure|Thriller|Horror,en,The Most Dangerous Game,tt0023238,234,0,63,False,200000,12.8,1932,12.206077645517674,0.0,0.0,1,1,0,0,0,0,0,0,0,0,1,0,0,0,0,0,1,0,0,6.947
26860,White Zombie,1932-07-28,Horror,en,White Zombie,tt0023694,225,0,67,False,50000,7.069,1932,10.819798284210286,0.0,0.0,0,0,0,0,0,0,0,0,0,0,1,0,0,0,0,0,0,0,0,5.867
3031,Island of Lost Souls,1932-12-24,Adventure|Horror|Science Fiction,en,Island of Lost Souls,tt0024188,206,0,70,False,300000,10.295,1932,12.611541086966115,0.0,0.0,0,1,0,0,0,0,0,0,0,0,1,0,0,0,1,0,0,0,0,6.893
26845,Tarzan the Ape Man,1932-04-02,Action|Adventure,en,Tarzan the Ape Man,tt0023551,183,0,100,False,652675,13.113,1932,13.38883611360867,0.0,0.0,1,1,0,0,0,0,0,0,0,0,0,0,0,0,0,0,0,0,0,6.607
939,The Jazz Singer,1928-02-04,Drama|Music,en,The Jazz Singer,tt0018037,183,2600000,89,False,422000,13.418,1928,12.952762962683588,14.77102238760702,6.161137440758294,0,0,0,0,0,0,1,0,0,0,0,1,0,0,0,0,0,0,0,6.1
29740,I Am a Fugitive from a Chain Gang,1932-11-09,Crime|Drama,en,I Am a Fugitive from a Chain Gang,tt0023042,178,0,92,False,195845,8.001,1932,12.185083915091688,0.0,0.0,0,0,0,0,1,0,1,0,0,0,0,0,0,0,0,0,0,0,0,7.8
2963,The Impossible Voyage,1904-10-01,Adventure|Comedy|Fantasy|Science Fiction,fr,Le voyage à travers l'impossible,tt0000499,166,0,20,False,7500,7.402,1904,8.922791623969637,0.0,0.0,0,1,0,1,0,0,0,0,1,0,0,0,0,0,1,0,0,0,0,7.256
1405,Greed,1924-12-04,Drama|Crime,en,Greed,tt0015881,162,274827,140,False,665603,10.014,1924,13.408450178086463,12.523900726424964,0.4128992808025204,0,0,0,0,1,0,1,0,0,0,0,0,0,0,0,0,0,0,0,7.435
3062,42nd Street,1933-03-11,Comedy|Drama|Romance,en,42nd Street,tt0024034,156,2281000,89,False,439000,10.282,1933,12.992256969959042,14.640124939670638,5.195899772209567,0,0,0,1,0,0,1,0,0,0,0,0,0,1,0,0,0,0,0,6.901
106112,Flowers and Trees,1932-07-23,Animation,en,Flowers and Trees,tt0022899,153,0,8,False,15887,7.457,1932,9.673319386284954,0.0,0.0,0,0,1,0,0,0,0,0,0,0,0,0,0,0,0,0,0,0,0,6.712
27503,The Unknown,1927-05-29,Drama|Horror|Romance|Thriller,en,The Unknown,tt0018528,148,0,50,False,217000,7.51,1927,12.28765724080691,0.0,0.0,0,0,0,0,0,0,1,0,0,0,1,0,0,1,0,0,1,0,0,7.497
28963,The Thief of Bagdad,1924-03-18,Romance|Adventure|Fantasy,en,The Thief of Bagdad,tt0015400,140,1490419,149,False,1135654,10.927,1924,13.942720134954806,14.214568517395797,1.31238828023324,0,1,0,0,0,0,0,0,1,0,0,0,0,1,0,0,0,0,0,7.318
67167,Santa's Workshop,1932-12-10,Animation,en,Santa's Workshop,tt0023422,124,0,7,False,13157,10.407,1932,9.484785217645943,0.0,0.0,0,0,1,0,0,0,0,0,0,0,0,0,0,0,0,0,0,0,0,6.536
31511,Gold Diggers of 1933,1933-05-27,Comedy|Drama,en,Gold Diggers of 1933,tt0024069,124,3200000,97,False,433000,10.372,1933,12.978495316450783,14.978661680269907,7.390300230946882,0,0,0,1,0,0,1,0,0,0,0,0,0,0,0,0,0,0,0,7.1
39938,Little Women,1933-11-24,Drama|Family,en,Little Women,tt0024264,119,2100000,115,False,424000,9.275,1933,12.95749109270188,14.557448378884015,4.952830188679245,0,0,0,0,0,0,1,1,0,0,0,0,0,0,0,0,0,0,0,6.752
65203,The Broadway Melody,1929-02-08,Music|Romance|Drama,en,The Broadway Melody,tt0019729,114,4358000,101,False,379000,6.957,1929,12.84529412258351,15.287524023949732,11.49868073878628,0,0,0,0,0,0,1,0,0,0,0,1,0,1,0,0,0,0,0,5.193
31526,Queen Christina,1933-12-26,Drama|History|Romance,en,Queen Christina,tt0024481,106,2610000,99,False,1114000,10.886,1933,13.923468597135031,14.774861162440565,2.342908438061041,0,0,0,0,0,0,1,0,0,1,0,0,0,1,0,0,0,0,0,6.901
42861,Cimarron,1931-01-26,Drama|Western|History,en,Cimarron,tt0021746,105,1383000,123,False,1433000,8.966,1931,14.175281404646771,14.139766333712434,0.9651081646894627,0,0,0,0,0,0,1,0,0,1,0,0,0,0,0,0,0,0,1,5.5
18987,The Hunchback of Notre Dame,1923-09-06,Romance|Drama|Horror,en,The Hunchback of Notre Dame,tt0014142,104,0,113,False,1250000,7.391,1923,14.038654909278163,0.0,0.0,0,0,0,0,0,0,1,0,0,0,1,0,0,1,0,0,0,0,0,6.466
43149,The Son of Kong,1933-12-22,Adventure|Action|Horror,en,The Son of Kong,tt0024593,103,0,70,False,250000,13.255,1933,12.429220196836383,0.0,0.0,1,1,0,0,0,0,0,0,0,0,1,0,0,0,0,0,0,0,0,5.505
27449,Baby Face,1933-07-13,Drama,en,Baby Face,tt0023775,102,451000,76,False,187000,44.769,1933,12.138869243416009,13.019224835777257,2.411764705882353,0,0,0,0,0,0,1,0,0,0,0,0,0,0,0,0,0,0,0,7.23
39259,Drácula,1931-03-11,Horror,es,Drácula,tt0021815,101,0,104,False,66000,10.516,1931,11.097425172408931,0.0,0.0,0,0,0,0,0,0,0,0,0,0,1,0,0,0,0,0,0,0,0,6.743
43595,She Done Him Wrong,1933-02-09,Comedy|Crime,en,She Done Him Wrong,tt0024548,99,2200000,66,False,200000,5.546,1933,12.206077645517674,14.603968372873895,11.0,0,0,0,1,1,0,0,0,0,0,0,0,0,0,0,0,0,0,0,5.8
3060,The Big Parade,1925-11-05,Drama|Romance|War,en,The Big Parade,tt0015624,99,20000000,151,False,382000,7.834,1925,12.853178505386333,16.811242881518265,52.35602094240838,0,0,0,0,0,0,1,0,0,0,0,0,0,1,0,0,0,1,0,7.576
20625,The Cocoanuts,1929-05-23,Comedy|Music,en,The Cocoanuts,tt0019777,96,1800000,96,False,500000,6.699,1929,13.122365377402328,14.403297778421795,3.6,0,0,0,1,0,0,0,0,0,0,0,1,0,0,0,0,0,0,0,6.51
56164,Cavalcade,1933-02-08,Drama|War,en,Cavalcade,tt0023876,95,7630000,112,False,1180280,8.158,1933,13.981263103685288,15.84759853432223,6.46456772969126,0,0,0,0,0,0,1,0,0,0,0,0,0,0,0,0,0,1,0,5.516
42640,The Big Trail,1930-11-01,Adventure|Western|Romance|Drama,en,The Big Trail,tt0020691,95,0,122,False,2000000,12.16,1930,14.508658238524095,0.0,0.0,0,1,0,0,0,0,1,0,0,0,0,0,0,1,0,0,0,0,1,6.711
39130,Dinner at Eight,1933-12-22,Comedy|Drama,en,Dinner at Eight,tt0023948,93,2156000,111,False,435000,8.851,1933,12.983103608918753,14.58376567483281,4.95632183908046,0,0,0,1,0,0,1,0,0,0,0,0,0,0,0,0,0,0,0,6.726
31510,Ben-Hur: A Tale of the Christ,1925-12-25,Adventure|Drama|Romance,en,Ben-Hur: A Tale of the Christ,tt0016641,89,9000000,143,False,3900000,11.032,1925,15.176487367510099,16.012735246411598,2.3076923076923075,0,1,0,0,0,0,1,0,0,0,0,0,0,1,0,0,0,0,0,7.337
82474,7th Heaven,1927-09-10,Drama|Romance,en,7th Heaven,tt0018379,88,0,110,False,119,6.652,1927,4.787491742782046,0.0,0.0,0,0,0,0,0,0,1,0,0,0,0,0,0,1,0,0,0,0,0,7.313
27511,He Who Gets Slapped,1924-12-22,Drama|Romance|Thriller,en,He Who Gets Slapped,tt0014972,83,881000,72,False,172000,7.941,1924,12.055255569732177,13.688814039991453,5.122093023255814,0,0,0,0,0,0,1,0,0,0,0,0,0,1,0,0,1,0,0,7.59
22301,Hell's Angels,1930-11-15,Drama|War|Action,en,Hell's Angels,tt0020960,77,8000000,131,False,3950000,10.922,1930,15.18922639004183,15.894952224644102,2.0253164556962027,1,0,0,0,0,0,1,0,0,0,0,0,0,0,0,0,0,1,0,6.396
35227,Foolish Wives,1922-01-11,Drama|Thriller,en,Foolish Wives,tt0013140,75,400200,143,False,1100000,5.13,1922,13.910821646859095,12.899722199879273,0.3638181818181818,0,0,0,0,0,0,1,0,0,0,0,0,0,0,0,0,1,0,0,6.6
28432,Footlight Parade,1933-10-21,Comedy|Music|Romance,en,Footlight Parade,tt0024028,73,2416000,104,False,703000,6.998,1933,13.463113593266897,14.697624251944042,3.4366998577524894,0,0,0,1,0,0,0,0,0,0,0,1,0,1,0,0,0,0,0,6.986
3484,The Mask of Fu Manchu,1932-11-05,Adventure|Horror|Science Fiction,en,The Mask of Fu Manchu,tt0023194,71,0,68,False,327627,6.5,1932,12.699634097394162,0.0,0.0,0,1,0,0,0,0,0,0,0,0,1,0,0,0,1,0,0,0,0,5.486
24805,The Ten Commandments,1923-11-23,Drama|History,en,The Ten Commandments,tt0014532,65,0,136,False,1800000,9.246,1923,14.403297778421795,0.0,0.0,0,0,0,0,0,0,1,0,0,1,0,0,0,0,0,0,0,0,0,6.662
40574,Girl Shy,1924-04-20,Comedy|Romance|Action,en,Girl Shy,tt0014945,58,1550000,80,False,400000,5.749,1924,12.899222326086994,14.253766134056512,3.875,1,0,0,1,0,0,0,0,0,0,0,0,0,1,0,0,0,0,0,6.897
70368,The Cheat,1915-12-13,Drama,en,The Cheat,tt0005078,58,137365,59,False,17311,3.104,1915,9.759155181646207,11.83040417545605,7.935127953324476,0,0,0,0,0,0,1,0,0,0,0,0,0,0,0,0,0,0,0,5.983
42914,Three on a Match,1932-10-29,Crime|Drama,en,Three on a Match,tt0023590,57,0,63,False,444000,6.035,1932,13.003582093664077,0.0,0.0,0,0,0,0,1,0,1,0,0,0,0,0,0,0,0,0,0,0,0,6.2
80928,Babes in the Woods,1932-11-19,Animation,en,Babes in the Woods,tt0022647,57,0,8,False,16855,6.825,1932,9.732461955484025,0.0,0.0,0,0,1,0,0,0,0,0,0,0,0,0,0,0,0,0,0,0,0,6.1
38077,Red Dust,1932-10-22,Romance|Drama,en,Red Dust,tt0023382,56,1223000,83,False,408000,6.862,1932,12.919024904363686,14.016818232330463,2.997549019607843,0,0,0,0,0,0,1,0,0,0,0,0,0,1,0,0,0,0,0,7.0
38687,Flesh and the Devil,1926-12-25,Drama|Romance,en,Flesh and the Devil,tt0016884,49,658000,112,False,373000,6.006,1926,12.829336379587506,13.396961730063138,1.7640750670241288,0,0,0,0,0,0,1,0,0,0,0,0,0,1,0,0,0,0,0,7.357
30266,"20,000 Leagues Under the Sea",1916-12-24,Adventure|Drama|Action|Science Fiction,en,"20,000 Leagues Under the Sea",tt0006333,48,8000000,85,False,200000,3.474,1916,12.206077645517674,15.894952224644102,40.0,1,1,0,0,0,0,1,0,0,0,0,0,0,0,1,0,0,0,0,6.3
35545,Mata Hari,1931-12-26,Crime|Drama|Romance,en,Mata Hari,tt0023196,47,2227000,89,False,558000,3.824,1931,13.232116033476537,14.616166395273979,3.9910394265232974,0,0,0,0,1,0,1,0,0,0,0,0,0,1,0,0,0,0,0,6.106
67596,The Pied Piper,1933-09-16,Animation,en,The Pied Piper,tt0024451,47,0,8,False,17145,5.354,1933,9.749520189238702,0.0,0.0,0,0,1,0,0,0,0,0,0,0,0,0,0,0,0,0,0,0,0,6.372
13634,One Way Passage,1932-10-04,Drama|Romance,en,One Way Passage,tt0023305,45,1108000,68,False,350000,3.427,1932,12.765691290604371,13.918068048816036,3.165714285714286,0,0,0,0,0,0,1,0,0,0,0,0,0,1,0,0,0,0,0,7.3
27509,The Penalty,1920-08-15,Crime|Drama|Horror,en,The Penalty,tt0011565,44,0,90,False,89000,3.482,1920,11.39640288460621,0.0,0.0,0,0,0,0,1,0,1,0,0,0,1,0,0,0,0,0,0,0,0,7.011
80708,The Divorcee,1930-04-19,Drama|Romance,en,The Divorcee,tt0020827,44,0,84,False,340691,4.986,1930,12.738734122304985,0.0,0.0,0,0,0,0,0,0,1,0,0,0,0,0,0,1,0,0,0,0,0,6.33
92168,The Ugly Duckling,1931-12-16,Animation|Family,en,The Ugly Duckling,tt0022515,43,0,6,False,11909,5.156,1931,9.385133662349347,0.0,0.0,0,0,1,0,0,0,0,1,0,0,0,0,0,0,0,0,0,0,0,6.7
50075,The Black Pirate,1926-03-08,Adventure|Drama|Action,en,The Black Pirate,tt0016654,43,0,94,False,1300000,3.952,1926,14.077875591662238,0.0,0.0,1,1,0,0,0,0,1,0,0,0,0,0,0,0,0,0,0,0,0,7.0
42816,The Champ,1931-11-21,Drama,en,The Champ,tt0021730,43,1600000,86,False,356000,6.049,1931,12.782688818818986,14.285514812209815,4.49438202247191,0,0,0,0,0,0,1,0,0,0,0,0,0,0,0,0,0,0,0,7.023
53929,The Night Before Christmas,1933-12-09,Animation,en,The Night Before Christmas,tt0024380,42,0,8,False,16854,2.673,1933,9.732402627668161,0.0,0.0,0,0,1,0,0,0,0,0,0,0,0,0,0,0,0,0,0,0,0,6.7
27505,The Unholy Three,1925-07-20,Crime|Drama|Romance|Thriller,en,The Unholy Three,tt0016473,40,704000,86,False,103000,2.863,1925,11.542493975902508,13.464535055593716,6.834951456310679,0,0,0,0,1,0,1,0,0,0,0,0,0,1,0,0,1,0,0,6.588
49633,The King of Kings,1927-04-19,Drama|Fantasy,en,The King of Kings,tt0018054,39,0,155,False,2500000,6.417,1927,14.731801689838349,0.0,0.0,0,0,0,0,0,0,1,0,1,0,0,0,0,0,0,0,0,0,0,6.3
34456,I'm No Angel,1933-10-06,Comedy|Romance,en,I'm No Angel,tt0024166,39,2850000,87,False,225000,7.324,1933,12.323860125621126,14.862829903121964,12.666666666666666,0,0,0,1,0,0,0,0,0,0,0,0,0,1,0,0,0,0,0,6.4
94643,Rescued by Rover,1905-07-03,Drama,en,Rescued by Rover,tt0000498,37,0,7,False,37,1.696,1905,3.6375861597263857,0.0,0.0,0,0,0,0,0,0,1,0,0,0,0,0,0,0,0,0,0,0,0,6.216
16591,Hell's Bells,1929-10-29,Animation|Horror,en,Hell's Bells,tt0019975,35,0,6,False,4483,3.113,1929,8.40827078419205,0.0,0.0,0,0,1,0,0,0,0,0,0,0,1,0,0,0,0,0,0,0,0,6.329
95797,Waterloo Bridge,1931-09-01,Drama|Romance|War,en,Waterloo Bridge,tt0022550,34,0,81,False,251289,5.132,1931,12.434362929663914,0.0,0.0,0,0,0,0,0,0,1,0,0,0,0,0,0,1,0,0,0,1,0,7.25
43600,Dancing Lady,1933-11-24,Comedy|Romance|Music,en,Dancing Lady,tt0023926,32,2400000,92,False,923055,5.714,1933,13.735445183367178,14.690979711984754,2.600061751466597,0,0,0,1,0,0,0,0,0,0,0,1,0,1,0,0,0,0,0,7.219
27506,West of Zanzibar,1928-11-24,Drama|Mystery,en,West of Zanzibar,tt0019563,32,921000,70,False,259000,2.734,1928,12.464587201678082,13.733216401013184,3.555984555984556,0,0,0,0,0,0,1,0,0,0,0,0,1,0,0,0,0,0,0,7.172
73125,A Bill of Divorcement,1932-09-28,Drama,en,A Bill of Divorcement,tt0022685,31,0,70,False,300000,3.847,1932,12.611541086966115,0.0,0.0,0,0,0,0,0,0,1,0,0,0,0,0,0,0,0,0,0,0,0,6.403
96713,The Marriage Circle,1924-02-10,Comedy|Romance,en,The Marriage Circle,tt0015119,30,0,85,False,212000,2.264,1924,12.264346270624157,0.0,0.0,0,0,0,1,0,0,0,0,0,0,0,0,0,1,0,0,0,0,0,6.5
42538,Sadie Thompson,1928-01-07,Drama|Romance,en,Sadie Thompson,tt0019344,29,7000000,97,False,1000000,2.195,1928,13.815511557963774,15.76142084987672,7.0,0,0,0,0,0,0,1,0,0,0,0,0,0,1,0,0,0,0,0,6.81
121379,Lady Windermere's Fan,1925-12-26,Comedy|Drama,en,Lady Windermere's Fan,tt0016004,29,0,120,False,320000,2.338,1925,12.676079399771027,0.0,0.0,0,0,0,1,0,0,1,0,0,0,0,0,0,0,0,0,0,0,0,7.0
107661,Lullaby Land,1933-08-19,Animation,en,Lullaby Land,tt0024279,28,0,7,False,13071,2.047,1933,9.478227817099784,0.0,0.0,0,0,1,0,0,0,0,0,0,0,0,0,0,0,0,0,0,0,0,5.786
73575,Sparrows,1926-09-19,Drama,en,Sparrows,tt0017423,28,966878,94,False,463455,3.774,1926,13.046466729600583,13.781828637340341,2.086239224951721,0,0,0,0,0,0,1,0,0,0,0,0,0,0,0,0,0,0,0,7.25
56724,What Price Hollywood?,1932-06-24,Drama,en,What Price Hollywood?,tt0023686,28,0,88,False,411676,3.079,1932,12.92799434027565,0.0,0.0,0,0,0,0,0,0,1,0,0,0,0,0,0,0,0,0,0,0,0,6.679
27507,"Laugh, Clown, Laugh",1928-04-14,Drama,en,"Laugh, Clown, Laugh",tt0019074,27,0,73,False,293000,3.311,1928,12.587931300962664,0.0,0.0,0,0,0,0,0,0,1,0,0,0,0,0,0,0,0,0,0,0,0,7.278
53515,Bumping Into Broadway,1919-11-02,Comedy,en,Bumping Into Broadway,tt0009973,27,0,25,False,113426,4.041,1919,11.63891473717371,0.0,0.0,0,0,0,1,0,0,0,0,0,0,0,0,0,0,0,0,0,0,0,6.87
108923,The Mysterious Lady,1928-08-04,Adventure|Drama,en,The Mysterious Lady,tt0019195,27,551000,89,False,337000,2.276,1928,12.727841176689147,13.219491903015438,1.6350148367952522,0,1,0,0,0,0,1,0,0,0,0,0,0,0,0,0,0,0,0,7.444
42669,Five Star Final,1931-09-26,Crime|Drama,en,Five Star Final,tt0021873,27,822000,89,False,310000,2.778,1931,12.644330802262578,13.619496890582589,2.6516129032258067,0,0,0,0,1,0,1,0,0,0,0,0,0,0,0,0,0,0,0,6.8
109435,Street Scene,1931-09-05,Drama|Romance,en,Street Scene,tt0022436,27,0,78,False,584000,2.687,1931,13.277657974137664,0.0,0.0,0,0,0,0,0,0,1,0,0,0,0,0,0,1,0,0,0,0,0,6.759
106098,Egyptian Melodies,1931-08-21,Animation,en,Egyptian Melodies,tt0021831,26,0,6,False,10461,1.516,1931,9.255504923930557,0.0,0.0,0,0,1,0,0,0,0,0,0,0,0,0,0,0,0,0,0,0,0,5.923
108213,King of Jazz,1930-04-20,Animation|Comedy|Music,en,King of Jazz,tt0021025,26,0,98,False,2000000,4.328,1930,14.508658238524095,0.0,0.0,0,0,1,1,0,0,0,0,0,0,0,1,0,0,0,0,0,0,0,6.019
70806,Blind Husbands,1919-10-21,Romance|Drama,en,Blind Husbands,tt0009937,25,0,89,False,42000,3.929,1919,10.645448706505872,0.0,0.0,0,0,0,0,0,0,1,0,0,0,0,0,0,1,0,0,0,0,0,6.2
70843,Just Dogs,1932-05-16,Animation,en,Just Dogs,tt0023082,25,0,7,False,13224,1.834,1932,9.4898642567265,0.0,0.0,0,0,1,0,0,0,0,0,0,0,0,0,0,0,0,0,0,0,0,6.0
107511,Father Noah's Ark,1933-04-08,Animation,en,Father Noah's Ark,tt0024006,25,0,8,False,17337,4.389,1933,9.760655903428585,0.0,0.0,0,0,1,0,0,0,0,0,0,0,0,0,0,0,0,0,0,0,0,5.8
82731,The Three Musketeers,1921-08-28,Action|Adventure|Romance,xx,The Three Musketeers,tt0012752,25,0,144,False,1500000,3.974,1921,14.220976332738882,0.0,0.0,1,1,0,0,0,0,0,0,0,0,0,0,0,1,0,0,0,0,0,6.6
84299,Bad Girl,1931-08-13,Romance|Drama,en,Bad Girl,tt0021635,25,1100000,90,False,100000,3.766,1931,11.51293546492023,13.910821646859095,11.0,0,0,0,0,0,0,1,0,0,0,0,0,0,1,0,0,0,0,0,5.84
96951,Salomé,1922-12-31,Drama|Fantasy|Horror,en,Salomé,tt0013571,25,0,74,False,350000,2.51,1922,12.765691290604371,0.0,0.0,0,0,0,0,0,0,1,0,1,0,1,0,0,0,0,0,0,0,0,6.0
106100,Mother Goose Melodies,1931-04-15,Animation,en,Mother Goose Melodies,tt0022164,24,0,8,False,16343,1.875,1931,9.701616136497458,0.0,0.0,0,0,1,0,0,0,0,0,0,0,0,0,0,0,0,0,0,0,0,5.854
109632,Carmen,1915-10-31,Drama,en,Carmen,tt0005060,23,0,59,False,23430,2.908,1915,10.061815210915432,0.0,0.0,0,0,0,0,0,0,1,0,0,0,0,0,0,0,0,0,0,0,0,6.1
64852,London After Midnight,1927-12-03,Horror|Drama,en,London After Midnight,tt0018097,23,1000000,69,False,151666,2.766,1927,11.929442607064761,13.815511557963774,6.593435575540991,0,0,0,0,0,0,1,0,0,0,1,0,0,0,0,0,0,0,0,6.457
67175,Springtime,1929-10-24,Animation|Family|Comedy,en,Springtime,tt0020445,23,0,6,False,4353,2.316,1929,8.378850241794492,0.0,0.0,0,0,1,1,0,0,0,1,0,0,0,0,0,0,0,0,0,0,0,5.196
100894,The Mayor of Hell,1933-06-24,Crime|Drama,en,The Mayor of Hell,tt0024314,23,0,90,False,229000,7.18,1933,12.34148164933907,0.0,0.0,0,0,0,0,1,0,1,0,0,0,0,0,0,0,0,0,0,0,0,7.174
68408,The Merry Dwarfs,1929-12-16,Animation,en,The Merry Dwarfs,tt0020164,22,0,6,False,4503,1.404,1929,8.412721169819527,0.0,0.0,0,0,1,0,0,0,0,0,0,0,0,0,0,0,0,0,0,0,0,4.795
106095,Birds of a Feather,1931-02-03,Animation,en,Birds of a Feather,tt0021665,22,0,8,False,14947,2.287,1931,9.612332790605375,0.0,0.0,0,0,1,0,0,0,0,0,0,0,0,0,0,0,0,0,0,0,0,5.4
52945,Cannibal Capers,1930-03-13,Animation,en,Cannibal Capers,tt0020735,21,0,6,False,10127,4.399,1930,9.223059144383958,0.0,0.0,0,0,1,0,0,0,0,0,0,0,0,0,0,0,0,0,0,0,0,5.571
57646,Old King Cole,1933-07-29,Animation,en,Old King Cole,tt0024403,21,0,7,False,21478,2.513,1933,9.974830992604263,0.0,0.0,0,0,1,0,0,0,0,0,0,0,0,0,0,0,0,0,0,0,0,5.9
93627,El Terrible Toreador,1929-09-26,Animation,en,El Terrible Toreador,tt0020484,21,0,6,False,4832,3.098,1929,8.483222671845084,0.0,0.0,0,0,1,0,0,0,0,0,0,0,0,0,0,0,0,0,0,0,0,4.5
58167,King Neptune,1932-09-10,Animation,en,King Neptune,tt0023093,21,0,7,False,12547,2.156,1932,9.43731656931057,0.0,0.0,0,0,1,0,0,0,0,0,0,0,0,0,0,0,0,0,0,0,0,6.3
66829,Bugs in Love,1932-10-01,Animation,en,Bugs in Love,tt0022730,21,0,7,False,15927,2.203,1932,9.675833845744032,0.0,0.0,0,0,1,0,0,0,0,0,0,0,0,0,0,0,0,0,0,0,0,5.4
66701,Heroes for Sale,1933-06-17,Drama,en,Heroes for Sale,tt0024115,21,0,72,False,290000,5.292,1933,12.577639650232573,0.0,0.0,0,0,0,0,0,0,1,0,0,0,0,0,0,0,0,0,0,0,0,7.095
751212,The Musician Monkey,1878-05-07,Animation,xx,Le Singe Musicien,tt12592084,21,0,1,False,153,1.031,1878,5.0369526024136295,0.0,0.0,0,0,1,0,0,0,0,0,0,0,0,0,0,0,0,0,0,0,0,6.048
67573,The Bears and Bees,1932-07-09,Animation,en,The Bears and Bees,tt0022659,21,0,6,False,11225,1.985,1932,9.325987795502144,0.0,0.0,0,0,1,0,0,0,0,0,0,0,0,0,0,0,0,0,0,0,0,5.7
67501,Summer,1930-01-16,Animation,en,Summer,tt0021434,21,0,6,False,6067,1.913,1930,8.710784340468424,0.0,0.0,0,0,1,0,0,0,0,0,0,0,0,0,0,0,0,0,0,0,0,5.929
62935,"His Majesty, the Scarecrow of Oz",1914-10-14,Comedy|Family|Fantasy|Adventure,en,"His Majesty, the Scarecrow of Oz",tt0004099,20,0,59,False,23,2.733,1914,3.1780538303479458,0.0,0.0,0,1,0,1,0,0,0,1,1,0,0,0,0,0,0,0,0,0,0,5.3
67602,The Spider and the Fly,1931-10-15,Animation|Comedy,en,The Spider and the Fly,tt0022420,20,0,7,False,13125,2.444,1931,9.482350275033667,0.0,0.0,0,0,1,1,0,0,0,0,0,0,0,0,0,0,0,0,0,0,0,5.5
106096,The Busy Beavers,1931-06-22,Animation,en,The Busy Beavers,tt0021703,20,0,7,False,11925,2.992,1931,9.386476169683052,0.0,0.0,0,0,1,0,0,0,0,0,0,0,0,0,0,0,0,0,0,0,0,5.7
132394,The Adventures of Dollie,1908-07-14,Drama|Thriller,en,The Adventures of Dollie,tt0000628,19,0,12,False,1000,1.056,1908,6.90875477931522,0.0,0.0,0,0,0,0,0,0,1,0,0,0,0,0,0,0,0,0,1,0,0,5.2
67123,Monkey Melodies,1930-08-09,Animation,en,Monkey Melodies,tt0021151,19,0,7,False,9116,2.072,1930,9.117896081584902,0.0,0.0,0,0,1,0,0,0,0,0,0,0,0,0,0,0,0,0,0,0,0,5.7
113260,Ben Hur,1907-12-07,Adventure|Drama|History,en,Ben Hur,tt0000582,19,0,15,False,500,1.863,1907,6.2166061010848646,0.0,0.0,0,1,0,0,0,0,1,0,0,1,0,0,0,0,0,0,0,0,0,4.7
111302,The Blackbird,1926-02-13,Crime|Drama|Romance,en,The Blackbird,tt0016655,18,0,86,False,166000,3.027,1926,12.019749091416921,0.0,0.0,0,0,0,0,1,0,1,0,0,0,0,0,0,1,0,0,0,0,0,6.3
65874,Borderline,1930-10-13,Drama,xx,Borderline,tt0020701,18,0,75,False,2000,1.263,1930,7.601402334583733,0.0,0.0,0,0,0,0,0,0,1,0,0,0,0,0,0,0,0,0,0,0,0,5.8
39092,Night,1930-07-04,Animation,en,Night,tt0021181,18,0,7,False,9577,1.406,1930,9.167224080902555,0.0,0.0,0,0,1,0,0,0,0,0,0,0,0,0,0,0,0,0,0,0,0,4.9
106097,The China Plate,1931-05-22,Animation,en,The China Plate,tt0021742,18,0,7,False,15326,2.169,1931,9.637371257998907,0.0,0.0,0,0,1,0,0,0,0,0,0,0,0,0,0,0,0,0,0,0,0,6.194
73629,Midnight in a Toy Shop,1930-07-03,Animation,en,Midnight in a Toy Shop,tt0021146,18,0,8,False,10131,1.604,1930,9.223454011121566,0.0,0.0,0,0,1,0,0,0,0,0,0,0,0,0,0,0,0,0,0,0,0,5.9
42614,Our Dancing Daughters,1928-09-01,Drama|Romance,en,Our Dancing Daughters,tt0019237,17,1099000,84,False,178000,2.702,1928,12.08954444723597,13.909912143303451,6.174157303370786,0,0,0,0,0,0,1,0,0,0,0,0,0,1,0,0,0,0,0,6.7
95764,Tumbleweeds,1925-12-27,Western|Drama|Romance,en,Tumbleweeds,tt0016461,17,0,78,False,312000,1.54,1925,12.650761671914688,0.0,0.0,0,0,0,0,0,0,1,0,0,0,0,0,0,1,0,0,0,0,1,6.206
57639,Frolicking Fish,1930-05-08,Animation,en,Frolicking Fish,tt0020906,17,0,6,False,8782,0.995,1930,9.080573313917117,0.0,0.0,0,0,1,0,0,0,0,0,0,0,0,0,0,0,0,0,0,0,0,6.0
96128,Traffic in Souls,1913-11-24,Crime|Drama,en,Traffic in Souls,tt0003471,17,1800000,88,False,5700,1.252,1913,8.648396877031582,14.403297778421795,315.7894736842105,0,0,0,0,1,0,1,0,0,0,0,0,0,0,0,0,0,0,0,5.5
67586,The Clock Store,1931-09-28,Animation,en,The Clock Store,tt0021752,17,0,7,False,11311,1.59,1931,9.333619388136354,0.0,0.0,0,0,1,0,0,0,0,0,0,0,0,0,0,0,0,0,0,0,0,6.1
51825,Autumn,1930-02-13,Animation,en,Autumn,tt0020658,17,0,6,False,9129,1.766,1930,9.119320973589014,0.0,0.0,0,0,1,0,0,0,0,0,0,0,0,0,0,0,0,0,0,0,0,6.313
90957,Hold Your Man,1933-06-30,Drama|Romance,en,Hold Your Man,tt0024130,16,0,87,False,260000,1.943,1933,12.468440756144114,0.0,0.0,0,0,0,0,0,0,1,0,0,0,0,0,0,1,0,0,0,0,0,5.9
54242,Mickey,1918-08-01,Comedy|Drama,en,Mickey,tt0009369,16,8000000,71,False,250000,1.951,1918,12.429220196836383,15.894952224644102,32.0,0,0,0,1,0,0,1,0,0,0,0,0,0,0,0,0,0,0,0,6.438
81829,Bulldog Drummond,1929-05-02,Action|Thriller,en,Bulldog Drummond,tt0019735,16,0,90,False,550000,2.58,1929,13.217675375388819,0.0,0.0,1,0,0,0,0,0,0,0,0,0,0,0,0,0,0,0,1,0,0,6.3
144923,The Prisoner of Zenda,1922-09-11,Adventure|Drama,en,The Prisoner of Zenda,tt0013515,16,0,113,False,323062,2.179,1922,12.685602629625338,0.0,0.0,0,1,0,0,0,0,1,0,0,0,0,0,0,0,0,0,0,0,0,6.219
67788,Winter,1930-10-30,Animation,en,Winter,tt0021556,16,0,7,False,10480,1.119,1930,9.257319373170178,0.0,0.0,0,0,1,0,0,0,0,0,0,0,0,0,0,0,0,0,0,0,0,5.4
111305,Tell It to the Marines,1926-12-23,Action|Comedy|Drama,en,Tell It to the Marines,tt0018471,16,1250000,103,False,433000,2.193,1926,12.978495316450783,14.038654909278163,2.886836027713626,1,0,0,1,0,0,1,0,0,0,0,0,0,0,0,0,0,0,0,6.1
87894,Mr. Wu,1927-03-26,Drama|Romance,en,Mr. Wu,tt0018179,16,0,91,False,267000,1.94,1927,12.495007682693725,0.0,0.0,0,0,0,0,0,0,1,0,0,0,0,0,0,1,0,0,0,0,0,5.375
120862,The Animal Kingdom,1932-12-28,Comedy|Drama|Romance,en,The Animal Kingdom,tt0022628,15,0,85,False,458000,4.085,1932,13.034626646500051,0.0,0.0,0,0,0,1,0,0,1,0,0,0,0,0,0,1,0,0,0,0,0,6.2
73969,My Best Girl,1927-10-31,Drama|Comedy|Romance,en,My Best Girl,tt0018183,15,1027757,80,False,483103,2.461,1927,13.087987230367462,13.842890288723991,2.1274076128693054,0,0,0,1,0,0,1,0,0,0,0,0,0,1,0,0,0,0,0,7.1
51781,Arctic Antics,1930-06-05,Animation,en,Arctic Antics,tt0020647,15,0,7,False,8772,0.883,1930,9.079434102128383,0.0,0.0,0,0,1,0,0,0,0,0,0,0,0,0,0,0,0,0,0,0,0,5.7
53528,Welcome Danger,1929-10-12,Comedy,en,Welcome Danger,tt0020572,15,3000000,115,False,979828,1.511,1929,13.79513334562572,14.914123179965662,3.0617618602448595,0,0,0,1,0,0,0,0,0,0,0,0,0,0,0,0,0,0,0,5.267
66822,Birds in the Spring,1933-03-11,Animation,en,Birds in the Spring,tt0023812,15,0,7,False,17228,1.379,1933,9.754349289532406,0.0,0.0,0,0,1,0,0,0,0,0,0,0,0,0,0,0,0,0,0,0,0,5.4
43594,The Emperor Jones,1933-09-29,Drama|Music,en,The Emperor Jones,tt0023985,15,0,73,False,263000,1.302,1933,12.479913113434042,0.0,0.0,0,0,0,0,0,0,1,0,0,0,0,1,0,0,0,0,0,0,0,6.0
98398,The Lost Squadron,1932-03-12,Drama|Action|War|History,en,The Lost Squadron,tt0023151,14,732000,79,False,621000,2.255,1932,13.339087971220277,13.503537159062734,1.178743961352657,1,0,0,0,0,0,1,0,0,1,0,0,0,0,0,0,0,1,0,6.357
96941,The Love of Zero,1928-01-01,Fantasy|Thriller,en,The Love of Zero,tt0018119,14,0,15,False,200,0.932,1928,5.303304908059076,0.0,0.0,0,0,0,0,0,0,0,0,1,0,0,0,0,0,0,0,1,0,0,6.0
104430,Noah's Ark,1928-11-01,Drama|War,en,Noah's Ark,tt0020223,14,2305000,135,False,1005000,3.312,1928,13.820499094499693,14.650591668252272,2.2935323383084576,0,0,0,0,0,0,1,0,0,0,0,0,0,0,0,0,0,1,0,6.0
67584,The Bird Store,1932-01-16,Animation,en,The Bird Store,tt0022688,14,0,7,False,14580,1.484,1932,9.587474590316285,0.0,0.0,0,0,1,0,0,0,0,0,0,0,0,0,0,0,0,0,0,0,0,6.0
57222,The Fox Hunt,1931-10-21,Animation|Comedy,en,The Fox Hunt,tt0021883,14,0,6,False,12434,1.697,1931,9.428270356237505,0.0,0.0,0,0,1,1,0,0,0,0,0,0,0,0,0,0,0,0,0,0,0,4.2
56009,Playful Pan,1930-12-27,Animation,en,Playful Pan,tt0021262,14,0,7,False,11848,1.211,1930,9.37999875481674,0.0,0.0,0,0,1,0,0,0,0,0,0,0,0,0,0,0,0,0,0,0,0,6.2
156320,Our Blushing Brides,1930-07-19,Drama,en,Our Blushing Brides,tt0021223,13,1211000,99,False,337000,3.324,1930,12.727841176689147,14.00695784829872,3.593471810089021,0,0,0,0,0,0,1,0,0,0,0,0,0,0,0,0,0,0,0,6.3
5201,Wild Orchids,1929-02-23,Drama|Romance,en,Wild Orchids,tt0020589,13,0,100,False,322000,1.511,1929,12.682309930111785,0.0,0.0,0,0,0,0,0,0,1,0,0,0,0,0,0,1,0,0,0,0,0,6.8
133213,The Dinosaur and the Missing Link: A Prehistoric Tragedy,1915-01-01,Animation|Comedy,en,The Dinosaur and the Missing Link: A Prehistoric Tragedy,tt0005198,13,0,5,False,5000,1.001,1915,8.517393171418904,0.0,0.0,0,0,1,1,0,0,0,0,0,0,0,0,0,0,0,0,0,0,0,5.9
53178,The Cat's Out,1931-07-28,Animation,en,The Cat's Out,tt0021720,13,0,7,False,11087,1.719,1931,9.313618721429684,0.0,0.0,0,0,1,0,0,0,0,0,0,0,0,0,0,0,0,0,0,0,0,5.9
130717,Broadway,1929-05-27,Music|Crime,en,Broadway,tt0019725,12,0,105,False,1000000,1.902,1929,13.815511557963774,0.0,0.0,0,0,0,0,1,0,0,0,0,0,0,1,0,0,0,0,0,0,0,5.5
42615,A Woman of Affairs,1928-12-15,Drama,en,A Woman of Affairs,tt0019591,12,0,91,False,383000,3.272,1928,12.855792879125431,0.0,0.0,0,0,0,0,0,0,1,0,0,0,0,0,0,0,0,0,0,0,0,6.885
91730,Narcotic,1933-08-01,Crime,en,Narcotic,tt0121587,12,0,57,False,8900,1.606,1933,9.093918908958932,0.0,0.0,0,0,0,0,1,0,0,0,0,0,0,0,0,0,0,0,0,0,0,3.6
89647,Clash of the Wolves,1925-11-17,Western|Adventure|Romance,en,Clash of the Wolves,tt0015687,12,270000,74,False,89000,1.127,1925,11.39640288460621,12.506180941677357,3.033707865168539,0,1,0,0,0,0,0,0,0,0,0,0,0,1,0,0,0,0,1,6.1
106867,The Barbarian,1933-05-12,Adventure|Drama|Romance,en,The Barbarian,tt0023778,11,0,83,False,444399,1.944,1933,13.004480336747612,0.0,0.0,0,1,0,0,0,0,1,0,0,0,0,0,0,1,0,0,0,0,0,4.7
109891,Our Modern Maidens,1929-09-08,Drama|Comedy,en,Our Modern Maidens,tt0020247,11,857000,76,False,283000,3.078,1929,12.553205710188037,13.66119436444038,3.0282685512367493,0,0,0,1,0,0,1,0,0,0,0,0,0,0,0,0,0,0,0,6.3
189621,Beau Geste,1926-08-24,Action|Adventure|Drama,en,Beau Geste,tt0016634,10,1500000,102,False,900000,2.146,1926,13.710151153416941,14.220976332738882,1.6666666666666667,1,1,0,0,0,0,1,0,0,0,0,0,0,0,0,0,0,0,0,5.9
173689,Lights of New York,1928-07-18,Crime|Drama,en,Lights of New York,tt0019096,10,1200000,57,False,75000,2.352,1928,11.225256725762893,13.997832948091215,16.0,0,0,0,0,1,0,1,0,0,0,0,0,0,0,0,0,0,0,0,5.1
84296,Trader Horn,1931-02-03,Action|Adventure,en,Trader Horn,tt0022495,10,4200000,122,False,1300000,1.343,1931,14.077875591662238,15.250595321348806,3.230769230769231,1,1,0,0,0,0,0,0,0,0,0,0,0,0,0,0,0,0,0,5.5
142159,Across to Singapore,1928-04-07,Adventure|Drama,en,Across to Singapore,tt0018618,10,596000,85,False,290000,2.693,1928,12.577639650232573,13.297997623898429,2.0551724137931036,0,1,0,0,0,0,1,0,0,0,0,0,0,0,0,0,0,0,0,6.8
144613,Beau Brummel,1924-03-30,Drama,en,Beau Brummel,tt0014702,10,495000,127,False,343000,4.834,1924,12.745488641595722,13.112315061750808,1.4431486880466473,0,0,0,0,0,0,1,0,0,0,0,0,0,0,0,0,0,0,0,6.8
104208,Condemned,1929-11-03,Action|Drama|Thriller,en,Condemned,tt0019785,10,0,86,False,600000,1.86,1929,13.304686600863562,0.0,0.0,1,0,0,0,0,0,1,0,0,0,0,0,0,0,0,0,1,0,0,6.2
45976,The Morning Sun Shines,1929-04-12,Drama|Documentary,ja,朝日は輝く,tt0019651,9,0,25,False,25,0.97,1929,3.258096538021482,0.0,0.0,0,0,0,0,0,1,1,0,0,0,0,0,0,0,0,0,0,0,0,5.4
104221,Emma,1932-01-02,Drama|Comedy,en,Emma,tt0022854,9,1972000,72,False,350000,4.899,1932,12.765691290604371,14.494559321243981,5.634285714285714,0,0,0,1,0,0,1,0,0,0,0,0,0,0,0,0,0,0,0,6.4
187292,Such Is Life,1930-03-24,Drama,cs,Takový je život,tt0020427,9,0,71,False,6000,1.254,1930,8.699681400989514,0.0,0.0,0,0,0,0,0,0,1,0,0,0,0,0,0,0,0,0,0,0,0,6.1
140581,Damaged Lives,1933-09-15,Drama,en,Damaged Lives,tt0028755,9,1800000,61,False,10000,3.363,1933,9.210440366976517,14.403297778421795,180.0,0,0,0,0,0,0,1,0,0,0,0,0,0,0,0,0,0,0,0,3.9
150198,Romance of the Western Chamber,1927-09-08,Drama|Romance,zh,西厢记,tt0018600,8,100,49,False,100,1.219,1927,4.61512051684126,4.61512051684126,1.0,0,0,0,0,0,0,1,0,0,0,0,0,0,1,0,0,0,0,0,5.9
150397,As You Desire Me,1932-05-28,Drama,en,As You Desire Me,tt0022641,8,1362000,70,False,460733,1.815,1932,13.040576148938875,14.124465499905716,2.9561589901309433,0,0,0,0,0,0,1,0,0,0,0,0,0,0,0,0,0,0,0,5.8
132410,The Ghost of Slumber Mountain,1918-11-17,Fantasy|Animation,en,The Ghost of Slumber Mountain,tt0009105,8,3000,16,False,3000,1.116,1918,8.006700845440367,8.006700845440367,1.0,0,0,1,0,0,0,0,0,1,0,0,0,0,0,0,0,0,0,0,6.0
208691,The Exile,1931-05-15,Drama|Music,en,The Exile,tt0021844,8,0,74,False,15000,0.7,1931,9.61587214452889,0.0,0.0,0,0,0,0,0,0,1,0,0,0,0,1,0,0,0,0,0,0,0,4.9
164453,The Viking,1928-11-02,History|Action|Adventure,en,The Viking,tt0019532,8,0,90,False,325000,2.337,1928,12.691583538230217,0.0,0.0,1,1,0,0,0,0,0,0,0,1,0,0,0,0,0,0,0,0,0,6.4
99729,Central Airport,1933-04-15,Drama,en,Central Airport,tt0023878,8,747000,72,False,421000,2.168,1933,12.95039048795861,13.523821802802145,1.7743467933491686,0,0,0,0,0,0,1,0,0,0,0,0,0,0,0,0,0,0,0,6.4
287262,The Battles of the Coronel and Falkland Islands,1927-10-26,Drama|Documentary,en,The Battles of the Coronel and Falkland Islands,tt0221007,8,6241682,106,False,1603469,0.864,1927,14.28768058886643,15.646760415518454,3.8926115815148283,0,0,0,0,0,1,1,0,0,0,0,0,0,0,0,0,0,0,0,6.3
166626,Way Out West,1930-08-02,Western|Comedy|Drama,en,Way Out West,tt0021533,7,0,71,False,20000,1.328,1930,9.90353755128617,0.0,0.0,0,0,0,1,0,0,1,0,0,0,0,0,0,0,0,0,0,0,1,5.9
191081,The Woman God Forgot,1917-10-27,Romance|History,en,The Woman God Forgot,tt0008786,7,0,60,False,115420,1.25,1917,11.656341592237128,0.0,0.0,0,0,0,0,0,0,0,0,0,1,0,0,0,1,0,0,0,0,0,5.8
190373,Atlantic,1929-11-15,Drama,en,Atlantic,tt0019658,7,0,90,False,2627,1.457,1929,7.873978379604501,0.0,0.0,0,0,0,0,0,0,1,0,0,0,0,0,0,0,0,0,0,0,0,4.714
185329,Uncle Tom's Cabin,1927-11-04,Drama,en,Uncle Tom's Cabin,tt0018524,7,0,144,False,2000000,2.294,1927,14.508658238524095,0.0,0.0,0,0,0,0,0,0,1,0,0,0,0,0,0,0,0,0,0,0,0,6.7
46758,The Life and Death of King Richard III,1912-10-15,Drama|History|Adventure,en,The Life and Death of King Richard III,tt0002461,7,0,55,False,30000,1.708,1912,10.308985993422082,0.0,0.0,0,1,0,0,0,0,1,0,0,1,0,0,0,0,0,0,0,0,0,4.7
130422,Strange Interlude,1932-12-30,Drama,en,Strange Interlude,tt0023523,7,1237000,109,False,654000,1.364,1932,13.390864159490155,14.028200459781736,1.8914373088685015,0,0,0,0,0,0,1,0,0,0,0,0,0,0,0,0,0,0,0,6.4
206074,The Tong Man,1919-12-14,Drama|Crime,en,The Tong Man,tt0010791,6,0,47,False,350000,0.6,1919,12.765691290604371,0.0,0.0,0,0,0,0,1,0,1,0,0,0,0,0,0,0,0,0,0,0,0,5.5
189630,The Sorrows of Satan,1926-10-12,Drama|Romance,en,The Sorrows of Satan,tt0017419,6,0,89,False,971,1.494,1926,6.879355804460439,0.0,0.0,0,0,0,0,0,0,1,0,0,0,0,0,0,1,0,0,0,0,0,6.7
147876,The Bowery,1933-10-07,Comedy|Drama,en,The Bowery,tt0023838,6,0,92,False,421496,2.345,1933,12.951567938960995,0.0,0.0,0,0,0,1,0,0,1,0,0,0,0,0,0,0,0,0,0,0,0,5.7
402388,The Girl of the Golden West,1915-01-04,Western|Romance,en,The Girl of the Golden West,tt0005393,6,102224,45,False,15110,3.238,1915,9.62317823441376,11.534931545232842,6.765320979483786,0,0,0,0,0,0,0,0,0,0,0,0,0,1,0,0,0,0,1,5.5
206581,The Divine Woman,1928-01-13,Drama,en,The Divine Woman,tt0018836,5,931000,80,False,266817,0.869,1928,12.494322057014726,13.744015630372484,3.489282916755679,0,0,0,0,0,0,1,0,0,0,0,0,0,0,0,0,0,0,0,6.4
179155,The Life of Jimmy Dolan,1933-06-03,Drama|Romance,en,The Life of Jimmy Dolan,tt0024257,5,0,88,False,202000,3.374,1933,12.216027926866138,0.0,0.0,0,0,0,0,0,0,1,0,0,0,0,0,0,1,0,0,0,0,0,5.8
130209,The Hard Hombre,1931-09-20,Western,en,The Hard Hombre,tt0021940,5,0,65,False,60000,0.863,1931,11.002116507732017,0.0,0.0,0,0,0,0,0,0,0,0,0,0,0,0,0,0,0,0,0,0,1,2.6
184255,Jánošík,1921-11-25,Drama|History,sk,Jánošík,tt0461974,4,0,68,False,14500,1.146,1921,9.581972891547895,0.0,0.0,0,0,0,0,0,0,1,0,0,1,0,0,0,0,0,0,0,0,0,5.2
122331,When a Man Loves,1927-08-21,History|Romance,en,When a Man Loves,tt0018566,4,1037000,111,False,528000,1.817,1927,13.176853456625999,13.851843451531353,1.9640151515151516,0,0,0,0,0,0,0,0,0,1,0,0,0,1,0,0,0,0,0,7.5
225112,The Better 'Ole,1926-10-23,Comedy|Drama|War,en,The Better 'Ole,tt0016643,4,1273000,95,False,449000,1.304,1926,13.014780393893403,14.05688766308519,2.8351893095768372,0,0,0,1,0,0,1,0,0,0,0,0,0,0,0,0,0,1,0,4.5
85972,The Cardboard Lover,1928-09-02,Comedy|Romance,en,The Cardboard Lover,tt0018749,3,0,77,False,379000,1.531,1928,12.84529412258351,0.0,0.0,0,0,0,1,0,0,0,0,0,0,0,0,0,1,0,0,0,0,0,5.7
189695,The Kid Stakes,1927-06-09,Drama,xx,The Kid Stakes,tt0336695,3,0,69,False,4000,0.6,1927,8.294299608857235,0.0,0.0,0,0,0,0,0,0,1,0,0,0,0,0,0,0,0,0,0,0,0,6.0
33208,The Photo-Drama of Creation,1914-01-11,Documentary,en,The Photo-Drama of Creation,tt0162536,3,0,480,False,300000,1.801,1914,12.611541086966115,0.0,0.0,0,0,0,0,0,1,0,0,0,0,0,0,0,0,0,0,0,0,0,5.7
177219,The Sea Beast,1926-01-15,Adventure|Fantasy,en,The Sea Beast,tt0017354,3,938000,136,False,503000,1.384,1926,13.12834743715147,13.751506294085875,1.8648111332007953,0,1,0,0,0,0,0,0,1,0,0,0,0,0,0,0,0,0,0,6.7
707496,Fool's Paradise,1921-12-09,Romance,en,Fool's Paradise,tt0012181,2,901937,109,False,291367,0.996,1921,12.582342352025453,13.712301060540417,3.095535870568733,0,0,0,0,0,0,0,0,0,0,0,0,0,1,0,0,0,0,0,5.5
427238,Lancers Under the Earl of Airlie Fording the Modder River,1900-11-22,,en,Lancers Under the Earl of Airlie Fording the Modder River,tt2388778,2,0,1,False,1,0.6,1900,0.6931471805599453,0.0,0.0,0,0,0,0,0,0,0,0,0,0,0,0,0,0,0,0,0,0,0,7.5
559736,St. Wenceslas,1930-03-04,Drama|History,cs,Svatý Václav,tt0295646,2,0,104,False,125000,0.6,1930,11.736077016252437,0.0,0.0,0,0,0,0,0,0,1,0,0,1,0,0,0,0,0,0,0,0,0,5.5
635824,Hattmakarens bal,1928-11-17,Comedy,sv,Hattmakarens bal,tt0018977,2,0,74,False,27000,0.6,1928,10.203629181337648,0.0,0.0,0,0,0,1,0,0,0,0,0,0,0,0,0,0,0,0,0,0,0,5.5
271840,The Runaway Bride,1930-05-04,Drama|Crime,en,The Runaway Bride,tt0021324,2,204000,69,False,103000,1.216,1930,11.542493975902508,12.225880174775122,1.9805825242718447,0,0,0,0,1,0,1,0,0,0,0,0,0,0,0,0,0,0,0,5.0
272667,Prosperity,1932-11-18,Drama|Comedy,en,Prosperity,tt0023358,2,1514000,87,False,628000,2.68,1932,13.350297037805756,14.230266373481294,2.410828025477707,0,0,0,1,0,0,1,0,0,0,0,0,0,0,0,0,0,0,0,5.0
209231,Polly of the Circus,1917-09-08,Drama,en,Polly of the Circus,tt0008442,2,0,80,False,250000,1.072,1917,12.429220196836383,0.0,0.0,0,0,0,0,0,0,1,0,0,0,0,0,0,0,0,0,0,0,0,6.0
193829,Das Mirakel,1914-05-15,,en,Das Mirakel,tt0296756,2,0,63,False,50,0.691,1914,3.9318256327243257,0.0,0.0,0,0,0,0,0,0,0,0,0,0,0,0,0,0,0,0,0,0,0,5.5
198930,Say It with Songs,1929-08-05,Music,en,Say It with Songs,tt0020366,2,2266000,95,False,470000,1.4,1929,13.060490101343552,14.633527161876257,4.821276595744681,0,0,0,0,0,0,0,0,0,0,0,1,0,0,0,0,0,0,0,5.0
207143,The Singing Fool,1928-09-19,Drama|Music,en,The Singing Fool,tt0019388,2,5916000,105,False,388000,1.582,1928,12.868763195921677,15.593171271845943,15.24742268041237,0,0,0,0,0,0,1,0,0,0,0,1,0,0,0,0,0,0,0,5.0
53760,Rio Rita,1929-09-15,Romance|Western|Music,en,Rio Rita,tt0020332,2,2400000,140,False,678000,0.79,1929,13.426904041847699,14.690979711984754,3.5398230088495577,0,0,0,0,0,0,0,0,0,0,0,1,0,1,0,0,0,0,1,8.5
262260,The Desert Song,1929-04-08,Music|Romance,en,The Desert Song,tt0019813,2,3022000,123,False,354000,0.688,1929,12.777055016970678,14.921429752721451,8.536723163841808,0,0,0,0,0,0,0,0,0,0,0,1,0,1,0,0,0,0,0,4.5
166658,Son of the Gods,1930-03-09,Drama,en,Son of the Gods,tt0021400,2,1432000,90,False,436000,1.802,1930,12.985399815906522,14.174583324826507,3.2844036697247705,0,0,0,0,0,0,1,0,0,0,0,0,0,0,0,0,0,0,0,6.0
278480,A Daughter of the Gods,1916-10-16,Fantasy|Drama,en,A Daughter of the Gods,tt0006568,2,1390000,180,False,1000000,0.887,1916,13.815511557963774,14.144815024531075,1.39,0,0,0,0,0,0,1,0,1,0,0,0,0,0,0,0,0,0,0,3.5
217301,The Bearslayer,1930-03-03,Adventure|Fantasy|Romance|War,xx,Lāčplēsis,tt3135044,1,0,100,False,80000,0.6,1930,11.289794413577894,0.0,0.0,0,1,0,0,0,0,0,0,1,0,0,0,0,1,0,0,0,1,0,7.0
190334,Show of Shows,1929-11-21,Music,en,Show of Shows,tt0020403,1,0,128,False,850000,1.928,1929,13.652992804936396,0.0,0.0,0,0,0,0,0,0,0,0,0,0,0,1,0,0,0,0,0,0,0,5.0
184511,The Road to Yesterday,1925-11-13,Fantasy|Drama|Romance,en,The Road to Yesterday,tt0016294,1,0,107,False,477480,1.668,1925,13.07627964753534,0.0,0.0,0,0,0,0,0,0,1,0,1,0,0,0,0,1,0,0,0,0,0,6.0
1180455,"Water, Klimaat en Film",1911-02-04,Documentary,nl,"Water, Klimaat en Film",,1,1,0,False,500,0.6,1911,6.2166061010848646,0.6931471805599453,0.002,0,0,0,0,0,1,0,0,0,0,0,0,0,0,0,0,0,0,0,8.0
257031,The King of the Kongo,1929-08-29,Action|Adventure,en,The King of the Kongo,tt0020059,1,0,189,False,40000,0.899,1929,10.596659732783579,0.0,0.0,1,1,0,0,0,0,0,0,0,0,0,0,0,0,0,0,0,0,0,7.0
258832,Convention City,1933-12-14,Comedy,en,Convention City,tt0023906,1,522000,69,False,239000,1.308,1933,12.384223015005313,13.165424782571753,2.1841004184100417,0,0,0,1,0,0,0,0,0,0,0,0,0,0,0,0,0,0,0,1.0
798238,The Heart of Cleveland,1924-09-01,Family|History|Adventure,xx,The Heart of Cleveland,,1,0,29,False,25000,0.871,1924,10.12667110305036,0.0,0.0,0,1,0,0,0,0,0,1,0,1,0,0,0,0,0,0,0,0,0,10.0
607109,Humor Risk,1921-12-01,Comedy,en,Humor Risk,tt0209031,1,0,24,False,6000,1.4,1921,8.699681400989514,0.0,0.0,0,0,0,1,0,0,0,0,0,0,0,0,0,0,0,0,0,0,0,9.0
154057,Wild Horse,1931-08-02,Western,en,Wild Horse,tt0022562,1,0,77,False,60000,0.652,1931,11.002116507732017,0.0,0.0,0,0,0,0,0,0,0,0,0,0,0,0,0,0,0,0,0,0,1,6.5
173668,The Vagabond King,1930-02-17,Music|Romance,en,The Vagabond King,tt0021511,1,0,104,False,1200000,1.341,1930,13.997832948091215,0.0,0.0,0,0,0,0,0,0,0,0,0,0,0,1,0,1,0,0,0,0,0,6.0
275391,In Gay Madrid,1930-05-17,Drama|Romance|Music,en,In Gay Madrid,tt0020997,1,0,82,False,467000,1.051,1930,13.054086677976365,0.0,0.0,0,0,0,0,0,0,1,0,0,0,0,1,0,1,0,0,0,0,0,5.0
348504,Patria,1917-01-14,Drama|Action,en,Patria,tt0008411,1,0,310,False,90000,0.65,1917,11.407576060361786,0.0,0.0,1,0,0,0,0,0,1,0,0,0,0,0,0,0,0,0,0,0,0,6.5
404224,White Paradise,1924-08-01,Drama|Romance,cs,Bílý ráj,tt0165659,1,0,73,False,1000,0.662,1924,6.90875477931522,0.0,0.0,0,0,0,0,0,0,1,0,0,0,0,0,0,1,0,0,0,0,0,6.0
277699,The Prisoner of Zenda,1913-02-18,Adventure,en,The Prisoner of Zenda,tt0003301,1,0,55,False,50000,0.6,1913,10.819798284210286,0.0,0.0,0,1,0,0,0,0,0,0,0,0,0,0,0,0,0,0,0,0,0,1.0
278093,The Miracle Man,1919-08-26,Drama,en,The Miracle Man,tt0010466,1,3600000,80,False,120000,1.199,1919,11.695255355062795,15.096444681204078,30.0,0,0,0,0,0,0,1,0,0,0,0,0,0,0,0,0,0,0,0,3.0
441261,The Dreamy Mouth,1932-10-20,Drama,fr,Mélo,tt0130138,1,0,95,False,95,1.232,1932,4.564348191467836,0.0,0.0,0,0,0,0,0,0,1,0,0,0,0,0,0,0,0,0,0,0,0,7.0
1265322,Zeinab,1930-07-14,Drama,en,زينب,tt0021570,0,0,110,False,40359,0.0,1930,10.605594474467546,0.0,0.0,0,0,0,0,0,0,1,0,0,0,0,0,0,0,0,0,0,0,0,0.0
1071415,Fake News,1933-03-27,Documentary|Comedy,es,Falso noticiario,,0,0,10,False,32,0.6,1933,3.4965075614664802,0.0,0.0,0,0,0,1,0,1,0,0,0,0,0,0,0,0,0,0,0,0,0,0.0
1492510,Juliet and Romeo - 1231 ☆*: .｡. o(≧▽≦)o .｡.:*☆ UwU,1800-01-01,,la,Juliet and Romeo - 1231 ☆*: .｡. o(≧▽≦)o .｡.:*☆ UwU,,0,4999999999,0,False,1,0.0071,1800,0.6931471805599453,22.33270374938051,4999999999.0,0,0,0,0,0,0,0,0,0,0,0,0,0,0,0,0,0,0,0,0.0
1482890,Man in the Dunes #2,1900-01-01,Western,en,Man in the Dunes #2,,0,11,25,False,8,0.0357,1900,2.1972245773362196,2.4849066497880004,1.375,0,0,0,0,0,0,0,0,0,0,0,0,0,0,0,0,0,0,1,0.0
1459889,Sweet Nell of Old Drury,1911-12-02,Drama|History|Romance,xx,Sweet Nell of Old Drury,tt0001911,0,0,50,False,2577,0.0143,1911,7.8547691834991324,0.0,0.0,0,0,0,0,0,0,1,0,0,1,0,0,0,1,0,0,0,0,0,0.0
1578271,And,1890-11-13,Drama|Comedy|Documentary,fr,And,,0,0,0,False,1,0.05,1890,0.6931471805599453,0.0,0.0,0,0,0,1,0,1,1,0,0,0,0,0,0,0,0,0,0,0,0,0.0
1318199,A Giant of His Race,1921-08-30,Drama,en,A Giant of His Race,tt0133797,0,0,0,False,50000,0.6,1921,10.819798284210286,0.0,0.0,0,0,0,0,0,0,1,0,0,0,0,0,0,0,0,0,0,0,0,0.0
1381714,New York Stories: Life Lessons,1898-03-10,Drama|Comedy|Romance,en,New York Stories: Life Lessons,,0,10000000,42,False,15000000,0.901,1898,16.52356082573315,16.118095750958314,0.6666666666666666,0,0,0,1,0,0,1,0,0,0,0,0,0,1,0,0,0,0,0,0.0
541105,The Great Divide,1925-02-15,Western,en,The Great Divide,tt0015876,0,674000,80,False,318000,0.922,1925,12.669809806411457,13.420986873572868,2.119496855345912,0,0,0,0,0,0,0,0,0,0,0,0,0,0,0,0,0,0,1,0.0
547707,Trifling Women,1922-11-06,Drama|Romance,en,Trifling Women,tt0013710,0,0,90,False,273,0.6,1922,5.6131281063880705,0.0,0.0,0,0,0,0,0,0,1,0,0,0,0,0,0,1,0,0,0,0,0,0.0
545364,Hollywood,1923-08-19,Comedy|Drama,en,Hollywood,tt0014137,0,0,80,False,202,1.908,1923,5.313205979041787,0.0,0.0,0,0,0,1,0,0,1,0,0,0,0,0,0,0,0,0,0,0,0,0.0
563505,Over the Hill to the Poorhouse,1920-09-17,Drama|Crime,en,Over the Hill to the Poorhouse,tt0011549,0,3000000,110,False,100000,1.234,1920,11.51293546492023,14.914123179965662,30.0,0,0,0,0,1,0,1,0,0,0,0,0,0,0,0,0,0,0,0,0.0
563508,Temptation,1915-12-15,Drama|Romance,en,Temptation,tt0006140,0,102437,60,False,22472,0.6,1915,10.020069867615993,11.537013016499289,4.558428266286935,0,0,0,0,0,0,1,0,0,0,0,0,0,1,0,0,0,0,0,0.0
563515,Maria Rosa,1916-05-07,Drama,en,Maria Rosa,tt0007038,0,102768,50,False,18575,0.64,1916,9.829625703937673,11.540239030105688,5.532597577388963,0,0,0,0,0,0,1,0,0,0,0,0,0,0,0,0,0,0,0,0.0
572090,Neptune's Daughter,1914-04-25,Fantasy,en,Neptune's Daughter,tt0004391,0,5773000,95,False,2221000,0.896,1914,14.613468553124099,15.56870260726322,2.59927960378208,0,0,0,0,0,0,0,0,1,0,0,0,0,0,0,0,0,0,0,0.0
664792,Jewelled Nights,1925-10-24,Drama|Adventure,en,Jewelled Nights,tt0190491,0,6500,0,False,10480,0.6,1925,9.257319373170178,8.77971129020447,0.6202290076335878,0,1,0,0,0,0,1,0,0,0,0,0,0,0,0,0,0,0,0,0.0
662968,The Rapids,1922-10-30,Drama,en,The Rapids,tt0013534,0,0,0,False,65000,0.841,1922,11.082157933374816,0.0,0.0,0,0,0,0,0,0,1,0,0,0,0,0,0,0,0,0,0,0,0,0.0
612786,The Great Air Robbery,1919-12-28,Drama|Adventure,en,The Great Air Robbery,tt0011241,0,0,80,False,250000,0.6,1919,12.429220196836383,0.0,0.0,0,1,0,0,0,0,1,0,0,0,0,0,0,0,0,0,0,0,0,0.0
595119,"His Majesty, Bunker Bean",1925-09-14,Comedy,en,"His Majesty, Bunker Bean",tt0015915,0,130000,80,False,84000,0.691,1925,11.338583982516495,11.775297421715827,1.5476190476190477,0,0,0,1,0,0,0,0,0,0,0,0,0,0,0,0,0,0,0,0.0
293468,The Day of Faith,1923-10-20,Drama,en,The Day of Faith,tt0013977,0,0,70,False,250000,1.423,1923,12.429220196836383,0.0,0.0,0,0,0,0,0,0,1,0,0,0,0,0,0,0,0,0,0,0,0,0.0
296617,Freighters of Destiny,1931-10-29,Western,en,Freighters of Destiny,tt0021886,0,0,57,False,39,0.682,1931,3.6888794541139363,0.0,0.0,0,0,0,0,0,0,0,0,0,0,0,0,0,0,0,0,0,0,1,0.0
295448,His People,1925-11-01,,en,His People,tt0015918,0,3000000,93,False,93000,1.1,1925,11.440365524765756,14.914123179965662,32.25806451612903,0,0,0,0,0,0,0,0,0,0,0,0,0,0,0,0,0,0,0,0.0
284863,Senor Daredevil,1926-08-01,Action|Western|Romance|Adventure,en,Senor Daredevil,tt0017366,0,0,70,False,75000,0.841,1926,11.225256725762893,0.0,0.0,1,1,0,0,0,0,0,0,0,0,0,0,0,1,0,0,0,0,1,0.0
284791,The Lamb,1915-11-06,Western|Adventure|Comedy,en,The Lamb,tt0005600,0,0,56,False,41,0.626,1915,3.7376696182833684,0.0,0.0,0,1,0,1,0,0,0,0,0,0,0,0,0,0,0,0,0,0,1,0.0
287158,The Ice Rink,1927-08-16,Animation,ru,Каток,tt2945748,0,0,0,False,7,0.6,1927,2.0794415416798357,0.0,0.0,0,0,1,0,0,0,0,0,0,0,0,0,0,0,0,0,0,0,0,0.0
329966,The Gorilla Hunt,1926-05-25,Adventure|Documentary,en,The Gorilla Hunt,tt0931306,0,0,65,False,10000,0.6,1926,9.210440366976517,0.0,0.0,0,1,0,0,0,1,0,0,0,0,0,0,0,0,0,0,0,0,0,0.0
139807,The Impatient Maiden,1932-03-01,Romance|Drama,en,The Impatient Maiden,tt0023055,0,0,72,False,225000,2.116,1932,12.323860125621126,0.0,0.0,0,0,0,0,0,0,1,0,0,0,0,0,0,1,0,0,0,0,0,0.0
137214,Horizon,1932-11-10,Drama,ru,Горизонт,tt0021924,0,0,103,False,103,1.377,1932,4.6443908991413725,0.0,0.0,0,0,0,0,0,0,1,0,0,0,0,0,0,0,0,0,0,0,0,0.0
148112,The Terror,1928-09-06,Horror|Mystery|Thriller,en,The Terror,tt0019456,0,1464000,85,False,163000,1.171,1928,12.001511614739405,14.19668365656327,8.98159509202454,0,0,0,0,0,0,0,0,0,0,1,0,1,0,0,0,1,0,0,0.0
44670,Gold Diggers of Broadway,1929-08-30,Comedy|Music,en,Gold Diggers of Broadway,tt0019936,0,3967000,101,False,532000,1.543,1929,13.184400648021263,15.193520951576092,7.456766917293233,0,0,0,1,0,0,0,0,0,0,0,1,0,0,0,0,0,0,0,0.0
76998,The Lights of New York,1922-11-12,,en,The Lights of New York,tt0013313,0,0,57,False,23000,0.887,1922,10.043292972227004,0.0,0.0,0,0,0,0,0,0,0,0,0,0,0,0,0,0,0,0,0,0,0,0.0
254900,The Rescue,1929-01-12,Adventure|Romance,en,The Rescue,tt0020323,0,0,96,False,800000,0.9,1929,13.592368256649284,0.0,0.0,0,1,0,0,0,0,0,0,0,0,0,0,0,1,0,0,0,0,0,0.0
200656,Rough House Rosie,1927-05-14,Comedy,en,Rough House Rosie,tt0018345,0,1125000,66,False,225000,1.094,1927,12.323860125621126,13.933294482509151,5.0,0,0,0,1,0,0,0,0,0,0,0,0,0,0,0,0,0,0,0,0.0
434136,Infidelity,1911-10-01,Drama,nl,Ontrouw,tt0158834,0,0,40,False,2231,0.6,1911,7.710653323501202,0.0,0.0,0,0,0,0,0,0,1,0,0,0,0,0,0,0,0,0,0,0,0,0.0
427829,Un drama en Puerto Rico,1912-05-27,Drama,es,Un drama en Puerto Rico,,0,0,10,False,700,0.6,1912,6.55250788703459,0.0,0.0,0,0,0,0,0,0,1,0,0,0,0,0,0,0,0,0,0,0,0,0.0
426807,The Conqueror,1917-09-16,Western,en,The Conqueror,tt0007820,0,0,80,False,300000,1.4,1917,12.611541086966115,0.0,0.0,0,0,0,0,0,0,0,0,0,0,0,0,0,0,0,0,0,0,1,0.0
468031,The Rose of the Rancho,1914-11-15,Romance|Western|Adventure,en,The Rose of the Rancho,tt0004545,0,87028,50,False,16988,0.9,1914,9.740321354781914,11.373996675426842,5.1229102896161995,0,1,0,0,0,0,0,0,0,0,0,0,0,1,0,0,0,0,1,0.0
464219,On Trial,1928-12-01,Drama,en,On Trial,tt0019233,0,1454000,91,False,130000,0.655,1928,11.775297421715827,14.189829624833274,11.184615384615384,0,0,0,0,0,0,1,0,0,0,0,0,0,0,0,0,0,0,0,0.0
464544,The Knickerbocker Buckaroo,1919-05-25,Comedy|Romance|Western,en,The Knickerbocker Buckaroo,tt0010331,0,0,60,False,264,1.557,1919,5.579729825986222,0.0,0.0,0,0,0,1,0,0,0,0,0,0,0,0,0,1,0,0,0,0,1,0.0
370109,The Beating He Needed,1912-10-07,Comedy,en,The Beating He Needed,tt0002055,0,0,8,False,8,0.6,1912,2.1972245773362196,0.0,0.0,0,0,0,1,0,0,0,0,0,0,0,0,0,0,0,0,0,0,0,0.0
371169,Bulldog Drummond,1922-12-29,Crime|Action|Adventure,en,Bulldog Drummond,tt0013902,0,0,0,False,5,0.799,1922,1.791759469228055,0.0,0.0,1,1,0,0,1,0,0,0,0,0,0,0,0,0,0,0,0,0,0,0.0
941665,Barn Yarns,1927-03-20,,en,Barn Yarns,tt0140836,0,0,0,False,8,0.6,1927,2.1972245773362196,0.0,0.0,0,0,0,0,0,0,0,0,0,0,0,0,0,0,0,0,0,0,0,0.0
943337,The Dinkum Bloke,1923-06-02,,en,The Dinkum Bloke,tt0258525,0,0,80,False,9000,0.6,1923,9.105090961257085,0.0,0.0,0,0,0,0,0,0,0,0,0,0,0,0,0,0,0,0,0,0,0,0.0
943349,The Blue Mountains Mystery,1921-11-05,Mystery,en,The Blue Mountains Mystery,tt0011981,0,0,0,False,5300,0.6,1921,8.575650760987806,0.0,0.0,0,0,0,0,0,0,0,0,0,0,0,0,1,0,0,0,0,0,0,0.0
889971,A Dangerous Adventure,1922-11-01,Adventure,en,A Dangerous Adventure,tt0013046,0,142000,0,False,175000,0.6,1922,12.07254696717504,11.863589378812122,0.8114285714285714,0,1,0,0,0,0,0,0,0,0,0,0,0,0,0,0,0,0,0,0.0
934811,The 26 Martyrs of Japan,1931-10-01,,ja,殉教血史 日本二十六聖人,tt0422548,0,0,152,False,3000,0.741,1931,8.006700845440367,0.0,0.0,0,0,0,0,0,0,0,0,0,0,0,0,0,0,0,0,0,0,0,0.0
925462,Sioux Blood,1929-04-20,Western,en,Sioux Blood,tt0020411,0,0,60,False,80000,0.6,1929,11.289794413577894,0.0,0.0,0,0,0,0,0,0,0,0,0,0,0,0,0,0,0,0,0,0,1,0.0
995084,Nu-Ma-Pu - Cannibalism,1931-10-24,,en,Nu-Ma-Pu - Cannibalism,tt2349765,0,0,75,False,15,0.6,1931,2.772588722239781,0.0,0.0,0,0,0,0,0,0,0,0,0,0,0,0,0,0,0,0,0,0,0,0.0
988601,"Captain Midnight, the Bush King",1911-02-09,Western,en,"Captain Midnight, the Bush King",tt0001530,0,0,0,False,987,0.6,1911,6.895682697747868,0.0,0.0,0,0,0,0,0,0,0,0,0,0,0,0,0,0,0,0,0,0,1,0.0
767721,Provaz z oběšence,1927-01-01,Comedy,cs,Provaz z oběšence,,0,0,0,False,56,0.6,1927,4.04305126783455,0.0,0.0,0,0,0,1,0,0,0,0,0,0,0,0,0,0,0,0,0,0,0,0.0
700713,Koriatovych,1922-11-09,Fantasy,cs,Koryatovič,tt1084706,0,0,82,False,12000,0.6,1922,9.392745258631441,0.0,0.0,0,0,0,0,0,0,0,0,1,0,0,0,0,0,0,0,0,0,0,0.0
740104,The Spirit of '76,1917-01-01,Drama|History|War,en,The Spirit of '76,tt0182444,0,0,135,False,200000,0.6,1917,12.206077645517674,0.0,0.0,0,0,0,0,0,0,1,0,0,1,0,0,0,0,0,0,0,1,0,0.0
